likes,favorites,reposts,duration,index,publish_time
3790.677207573144,1645.0201307156563,198.76155560055275,4.918337556000771,1,2025.09.16
16732.7968234706,606.4616820290091,195.05401852360106,791.0522590804696,2,2025.07.11
4558321.609355046,171160.85104126672,113805.65164032714,105.54120557727634,3,2025.06.30
1427.958054836077,78.30547847661619,86.38319809100638,2.9624365183114065,4,2025.08.01
2165.8704945477157,38800.666903586636,218.17220707125,400.14045950306263,5,2025.07.28
1210757.6572086022,7447.8422260622265,2502092.424579873,153.81666643125251,6,2025.07.25
20668.532570255113,3492.569421536927,867.8470227984708,3.0,7,2025.07.14
361993.7037026073,830407.8646964952,773983.694044912,330.4528896824785,8,2025.07.10
47439.133255832785,2280.5216010843,207.55782286211524,17.904864201767673,9,2025.09.21
1277053.698652359,360764.40862930624,62637.61779973909,1064.995004627387,10,2025.09.04
7817.811127425356,56.75524722225843,45.677953582801194,8000.0,11,2025.07.08
33985.66949919337,1345.1491895231343,11123.627272428665,167.27785101005097,12,2025.09.10
26746.840227463945,70285.1835220634,2927.612043546983,250.5807073387457,13,2025.08.20
10197.690810244514,1131.0459439071685,638.4914388537557,8000.0,14,2025.07.01
199.80278445590335,269.842020384849,22.769458141808705,8000.0,15,2025.06.30
63793.55172849369,5181.904315426494,2473.0071014991395,5.0,16,2025.07.08
745.5954174054299,276.65690009914687,3.0,40.67700376142027,17,2025.07.24
341173.7713181947,37197.03992802624,90675.29190814742,204.61677917135816,18,2025.07.26
406189.07411354897,82504.8598872561,5970.696876101276,6.877080497034974,19,2025.08.30
19749600.0,1294658.0348624534,1934041.3350714173,163.21820384875326,20,2025.09.12
1281421.5955526342,27794.607627049125,6131.487213622129,505.20949297325626,21,2025.06.30
1775559.4864695459,91491.36701048088,47742.837982744,319.8746262013601,22,2025.09.06
13645097.851738889,123903.44991696058,319765.48712696484,4.0,23,2025.07.22
544117.2587281027,38839.77333022139,524.9471729361999,329.10363127970004,24,2025.09.18
38080.16085976671,776.0849749970796,7454.69885730104,4.146223965484266,25,2025.09.24
138810.1571486704,1814.9392125970423,2414.532240777306,1681.6116806763125,26,2025.09.04
14975452.193241525,688313.5110290619,204852.35040346583,8000.0,27,2025.08.19
6506924.28106881,667984.6960881226,1010636.9647577961,44.56614146645849,28,2025.07.25
2609.634478750519,3647.864904350735,23339.155469940742,226.06949005049438,29,2025.08.23
17445.63855372232,264.9203316613372,17813.677925893055,8000.0,30,2025.09.10
2081521.682774998,179091.17208761262,12911.35414160219,5.495564200482363,31,2025.08.01
9349903.3553881,19248.262275955592,2158.820987030505,132.29983761230844,32,2025.06.27
2211.035120795715,255.00150239229396,212.5981564813605,6.715078587039816,33,2025.07.17
1844.1231760197984,15079.360744761283,4.048179822105489,24.151640355569178,34,2025.09.24
19749600.0,1088749.0773565765,6273298.47876698,12.414258200772139,35,2025.08.20
445.95765847411957,43659.77544915906,106.60124659997145,135.14218529583277,36,2025.08.09
232327.02471381705,3937.2289888807986,3023.479047719811,549.4346754692957,37,2025.08.01
3618.5119320471977,71.95551632574316,12.587988935423658,210.53690286753303,38,2025.07.16
8161957.760227008,246827.10714540764,2544.75742198361,13.882114813472764,39,2025.07.24
1217616.7549088944,21884.528979216633,29862.442844269644,556.3337128067988,40,2025.08.09
2819.644760495234,712.5770210593213,73.48065883068404,123.67999322671781,41,2025.07.10
350616.77868269064,958055.0467360968,2927740.2660627705,7.439690225497175,42,2025.07.08
14023.284855867209,352.7384590669142,630.6708949232625,10.472723140235576,43,2025.08.14
4675164.935754981,1230.992962015814,20121.11599250366,321.18078256259787,44,2025.07.09
652.2008008858237,122.93569565698473,60.49165374154313,414.52290596180774,45,2025.08.11
320273.9128442304,96720.40610865763,25961.534051738727,4.436195874812818,46,2025.08.10
1624285.277416017,519178.8853345777,5211.348838013354,314.5913405677989,47,2025.09.12
859707.385815297,17421.043717377856,25771.36186960963,776.4497065150929,48,2025.07.30
685877.7238307071,74916.54527711026,307726.53255463537,9.6435290385346,49,2025.07.02
167981.32030468862,109.8953441978529,1307.82368855645,84.27325442431454,50,2025.08.24
135818.41657256332,4062.8169353856397,464279.1792982793,4.0,51,2025.09.03
386.71458938833274,254.9852968926013,1.9943979134496308,181.72261213472663,52,2025.07.12
10256.810873843326,9038.642608592381,359.65152140019217,5.972913826167206,53,2025.08.14
18677564.669948667,867305.7678918504,318093.63436977775,845.3813385414377,54,2025.07.07
147567.7887863468,1970.2833038433355,1873.4201826684698,79.35789999861923,55,2025.09.05
13447.59994985922,845.2634393339393,19.17879385197247,436.2253358404025,56,2025.08.03
6472.81810986178,48488.8071157217,337.77412851177155,35.02019379503912,57,2025.09.15
75403.04279437156,4850.618681887284,11169.171034590121,5.0,58,2025.09.14
6378.0145553400625,192.94970699583325,408.5094329510283,54.394321901756484,59,2025.08.12
93382.21044050335,4601.993819540009,1192.608267649032,2.284748204690951,60,2025.09.08
510452.69783602486,54413.38495776838,1579.9044162579091,247.3439817180976,61,2025.07.21
56664.35574608089,1600.4148214737402,18903.957711943236,173.8757895801219,62,2025.09.25
75418.60496641677,414.716365589688,278.32762700644156,163.41458366805338,63,2025.07.05
817.8592622166401,166.4525073645809,12.367158690867983,8000.0,64,2025.07.02
7193165.037515755,99584.28314093975,1274042.3937097015,404.1908371963103,65,2025.09.19
81702.3991319617,25234.85105410738,300824.9514526854,117.242788744493,66,2025.07.26
106270.15782749154,135126.8001559435,5458.444242478916,195.5321614980432,67,2025.08.03
39661.87560880966,5309.621064304761,8369.04883768606,30.858119739725975,68,2025.07.07
19749600.0,180532.07993399203,175682.99307654775,8.82350819604518,69,2025.07.26
19749600.0,553915.7371311508,789183.6330069934,645.9710277309523,70,2025.07.09
2077644.5002272807,22126.625870017793,18814.072024702862,141.12498707268293,71,2025.08.14
47960.60152187265,10729.971980349685,15270.765991945756,146.21909131972853,72,2025.08.01
6686.492120437579,8995.422269966057,2172.454121663897,1065.3813745371936,73,2025.08.24
673.4882406485575,9434.764071361878,18.528207292031183,99.93821338959854,74,2025.09.16
813.898687879755,1082.7444602519852,503.3794380082793,138.73976701292716,75,2025.08.12
13817.312414672333,274.1508685808789,145.42977557136808,8.863304734701643,76,2025.07.17
585.6223577141737,114.26754708359569,6.876614158246936,411.9517005210633,77,2025.08.13
19749600.0,848027.0184073873,1122469.085488007,464.75670966297633,78,2025.08.11
2137701.0576686417,81158.05356807132,43922.73305463848,4.275619741202953,79,2025.07.23
1207.6398576817633,394.5267142683945,1609.3276388895142,44.628026099657376,80,2025.09.20
114.04472848197574,18.161984019410884,3.2668031683904895,322.3233067020819,81,2025.07.31
1218.9237670094963,91.97978604111644,14.554254137759207,1163.760036676586,82,2025.09.24
2404405.3952355552,414534.33444063587,2894664.6982683367,270.45017505301877,83,2025.09.22
29067.321649838785,1184.1062789393804,1119.5695189841815,584.0233649817282,84,2025.09.17
5614.430773165835,322.31696873037896,81.33148411587545,63.68574519564699,85,2025.07.06
206395.73529049265,35845.33910248778,5116.307160659121,530.5195711353252,86,2025.09.12
9767408.231076522,121551.00143349194,2678062.943620707,891.598291109921,87,2025.09.16
33.99640198010133,5.0,2.0,191.29435551107744,88,2025.07.18
1422109.502270178,142609.63554964014,221620.05658777614,4.0,89,2025.09.03
14931948.867944706,109848.39449712294,106326.5387701154,4.0,90,2025.07.28
30460.90395631189,116.844891206345,52.830735278375485,282.4617583576712,91,2025.07.17
60726.165776248046,1506.6081652861828,1073.0509201928512,4.0,92,2025.08.25
3215831.314350316,70441.28513249554,15968.655345296947,8.395114996330829,93,2025.08.14
279402.6243098482,2356.584049646764,429.7367536574752,444.1943731293995,94,2025.07.31
44635.22296476254,7782.59196393102,93.94517048746752,10.584465544374282,95,2025.09.16
152.28880008986548,1934.5409245176272,67.7055205139413,8000.0,96,2025.09.23
3342460.2432741076,34528.88874554214,172549.9730775077,3.0,97,2025.09.06
1406453.4645560514,25281.292396690784,8687.736700497579,3.0,98,2025.07.25
3353.113186295966,36.129470338671574,1146.6427943262868,8000.0,99,2025.09.22
56520.52364091414,96895.51899264789,4042.3421579952687,179.11493626668585,100,2025.08.07
22496.841173118937,28085.9778966017,186.09671522552603,212.18698973960463,101,2025.07.04
1365245.67255452,32694.423973886547,60711.77738623594,289.221725703164,102,2025.07.26
317846.6664748551,36745.843229497266,33981.85809536179,324.1673408121612,103,2025.07.01
7930.090080370139,34.46583451683886,2635.5542576512767,6.013628141673173,104,2025.08.06
19749600.0,107670.74963947825,804090.0180323531,216.3917600833222,105,2025.08.17
4990667.114828763,203165.32254837113,43976.757887602835,382.0801502443508,106,2025.07.31
111552.16941776958,146936.28139057173,246964.1550604863,8.734727190264552,107,2025.07.05
5690205.619362043,214690.8064169159,1055289.8734953834,99.60525508181122,108,2025.07.24
929.0455936666535,232.01171264404533,65.26894885507757,138.8875306560024,109,2025.09.07
575320.7429381025,57404.337870438365,19405.07543984092,284.4571716919117,110,2025.08.06
175905.84835532831,306.07484618566434,343.95840879574416,75.59540747768015,111,2025.07.24
19749600.0,834065.2439557826,1034485.9887914658,189.48841073894326,112,2025.09.18
28667.04469937827,24.888630736201087,388.3269686849841,103.55489677180796,113,2025.08.29
3105422.7520049172,8797.321684318991,21153.72007169038,4.930119497280712,114,2025.08.16
1316621.5917863217,150313.11739787878,1182355.4642965263,316.5087676991879,115,2025.09.17
88701.44883301177,458.73914743151676,7992.105183371999,8000.0,116,2025.08.24
1170.2263124541664,639.5171136209538,21.35427345171439,8000.0,117,2025.07.15
99752.63772990747,2950.0794734632154,1849.036545690765,8000.0,118,2025.07.30
178954.67174892258,3179.7327867691715,991750.509138355,145.95600204879733,119,2025.07.14
41.708780574104274,2.770253208566895,17.45336238171075,8000.0,120,2025.07.28
10298608.80013534,93205.28011265464,3390.0312509279806,4.68994716410269,121,2025.09.06
230343.59454120434,14349.029588869733,384617.27912128944,761.5807296410626,122,2025.09.03
502.5614747074463,64.37302380336271,36.11832504434151,116.73215960120261,123,2025.07.30
63109.03650923165,63360.66328124886,4816.796855088927,4.902884093042478,124,2025.09.09
2790600.643831967,409134.6296283277,5156.783702054252,148.20599181048394,125,2025.08.20
10592.306117622074,738.966401502717,1848.3835260860387,8000.0,126,2025.09.09
245813.4135656071,340.2182862278563,99.46090904825657,3.8196408037888236,127,2025.08.17
26867.21633208557,5670.341613095709,37.300551490470255,5.641255879368739,128,2025.08.12
15820227.191620274,336574.9766494979,92931.41739986106,9.63832650955068,129,2025.07.25
326249.952911793,10557.719764239513,61685.2207311904,508.1162585623417,130,2025.07.14
44693.6235741571,1832.65274639798,74.1896639998183,110.48705462086764,131,2025.08.31
2107455.5543838334,111912.26577145307,152812.5691605907,16.42951237104634,132,2025.08.29
894.0705375696197,88.64486293823535,5.023081241295865,607.9256367419334,133,2025.07.08
147.32058966812266,17.79590075237405,4.608049839836791,18.570362511699226,134,2025.07.03
1626.9140658395145,476.01353263222825,281.7582037113542,256.2546118882865,135,2025.07.11
1990101.3293645103,6534.711850624606,150552.00775947835,127.11269969887766,136,2025.07.16
253781.81501843594,53484.607567775995,281505.92567390803,247.75944905389187,137,2025.09.15
127774.9142600278,5768.619797772565,147326.56519521822,3.839300958285362,138,2025.07.17
71.7608624170061,2.0,3.8538171695277708,9.571435202974723,139,2025.09.22
19749600.0,1513543.5222741829,5829026.133346608,9.315688279145457,140,2025.08.20
53.96757368182729,104.242842721669,6.803220648584437,160.60855648319077,141,2025.09.11
704364.1195882414,72702.2350995404,63585.14414577805,277.4978812344447,142,2025.07.05
62030.73401914909,3764.3145675101914,201.85057513319208,177.48996550947209,143,2025.08.15
757861.5672046747,40453.87602639314,139997.47461393898,134.82432679267407,144,2025.08.14
14500036.417680366,789198.5743184576,632488.2511569149,903.7180919175958,145,2025.09.11
576.8794683922101,222.70066309607037,84.95628004986169,8000.0,146,2025.08.25
4172.274718417537,17888.66088408085,1006.1481026558876,11.811372520373308,147,2025.09.02
15818.070432862203,134.99445974799858,18.604192402046667,469.91811954064036,148,2025.07.29
329464.5377803872,79644.3947450479,728365.7154349047,8.037330700211125,149,2025.09.05
399.4353114501109,13.666143903962181,52.6917886760734,8000.0,150,2025.06.28
282.51850226111486,17.815432325674024,68.12576646460636,8000.0,151,2025.09.22
19647.25519756348,4572.074744793667,669.5585250942712,6210.037584775727,152,2025.07.11
17560.118734707296,307.1548353289005,27.80747583804092,359.31807596505604,153,2025.09.22
1182.343210551154,356.87233509526146,10.856166875209993,456.34064126018205,154,2025.09.03
946541.8007114447,18240.045019697056,4365.391944578343,10.804993554547783,155,2025.07.31
230102.00940416087,126683.91788291359,529628.181494439,115.92307710803617,156,2025.09.17
3721740.6443203413,106956.62748490808,1698296.7377747258,3.0,157,2025.08.09
180866.1603936794,40463.68150233651,17243.265902923642,4.0,158,2025.07.11
716.6660218891121,2630.054023886896,15.887095898319028,39.720451275003136,159,2025.08.03
79.06573953046498,11.996870351718915,1.0,8000.0,160,2025.08.21
123.57949421747736,212.16525012013707,34.76366467805707,41.413055765246895,161,2025.07.17
915691.4984404847,125678.97864022957,1188.803794386089,1027.9533781037771,162,2025.08.24
2295.2396705271512,21135.54323446959,238.6452080515108,161.5756472610218,163,2025.06.27
134382.00875356924,747.2828780072155,12842.211984982085,4.331731321599233,164,2025.07.30
103919.78677044921,99558.6541933143,229913.41614928545,49.42230109644854,165,2025.08.30
2912924.6949093523,30393.91485531779,331985.6285094535,202.82413261092168,166,2025.07.19
1339691.7328225563,45016.21603854903,209.40066258347787,1717.830680725254,167,2025.08.30
26067.55858072503,13996.642128024245,232.2533848050567,3.9039926511693217,168,2025.07.10
209.79592767654086,149.88257286980357,4.0,217.55663579619508,169,2025.09.15
283812.57871747913,18900.882981415038,93110.59736382449,260.32179956922323,170,2025.08.04
36702.20440563157,1496.3395556623464,91.90376454715827,2.6171676986548067,171,2025.09.16
122154.53717147784,28127.467886913946,2493.666981053738,8.900505132064723,172,2025.08.30
253.79813730012413,52.85948641264811,4.0,569.9281444407194,173,2025.09.12
18920.379371309355,5806.765540426185,578.8181858552051,4.0,174,2025.07.22
11359.325955877068,272.4761235360649,38.109634280247406,44.622953524167755,175,2025.07.16
986.876109118813,2410.132602443337,1336.712606262232,56.97055577811758,176,2025.08.13
516.1455655159532,85.1834319243892,3.325170508105474,10.31918058015744,177,2025.07.17
1154191.0498368663,32129.049096958286,53265.72517778552,6.113353954424473,178,2025.09.04
2156059.4592452757,36071.55579351172,78508.78132110702,6.985714556189942,179,2025.09.02
84494.45454097106,13046.980725043773,539.25830248564,4.479946953671415,180,2025.06.27
341658.12521853246,4756.462085477151,75862.66714876819,195.82043943677667,181,2025.09.11
1312933.449762896,814.7113587380229,24732.905844539073,60.231205100637396,182,2025.08.07
2253.779663854123,144.46586430048194,34.80764524636703,39.3261618797662,183,2025.08.28
12037.501544016493,355.1883521714531,180.780389792109,27.863962556453814,184,2025.06.29
9920335.706110504,242023.2047465643,432195.4669996068,219.80195727055704,185,2025.07.11
1728.3344554366568,1002.3679544819477,108.75776748925838,16.10040783939512,186,2025.08.12
2328.641692715437,199.48571336195943,214.4037643343078,4.248600459719789,187,2025.08.05
27356.335536198327,40864.22354749121,7017.628217528219,199.69517035210407,188,2025.07.27
684.2618594845618,118.90955062119751,5.0,340.6748827465036,189,2025.07.04
52.79078377379945,5.163613800213056,4.0,156.3645981740286,190,2025.07.27
2994552.7438845355,16147.658104070282,22163.788819314974,710.8454828954848,191,2025.09.07
453.6061963582954,36.9466171100753,10.015271913794287,8000.0,192,2025.07.07
2066.4824339034344,63.29979700470109,268.40618895083867,6.477927252606675,193,2025.07.07
372565.9982671019,22015.932438042175,510996.1457432779,219.44563010353127,194,2025.08.28
9416956.666770326,100857.36748160515,101760.88135563348,15.211499714164052,195,2025.07.05
926039.6143848529,155097.50339215828,19043.454978268936,71.89245957095207,196,2025.09.03
158.29600983828058,153.72995902270455,10.86165464845195,8000.0,197,2025.07.13
3139.5481663531073,65.58272225907055,4.0,207.1529350076606,198,2025.07.13
119805.68934281239,1155.3365106542742,6733.020008537317,145.9405607254252,199,2025.09.19
19749600.0,1521600.0,1888478.7261490314,245.7166379244478,200,2025.08.26
3738.1363738904406,63.179913996959954,287.4128996710487,3.428962135833534,201,2025.09.05
7189.934471390218,101.81799832919718,124.35021564290231,116.3037618920516,202,2025.07.18
183322.97248391958,261999.54409489705,2063228.8595200977,248.1890193604539,203,2025.07.30
1642703.690087404,145927.35515623033,42428.53541498426,97.17916292036823,204,2025.09.02
12056531.255581105,96111.0332803537,1002209.8248433673,3.0,205,2025.09.12
531196.9427042679,263178.72733941965,6532.429205043704,491.76042621117784,206,2025.08.20
801540.7021852515,135983.95064234844,17741.232031465675,416.0733711789478,207,2025.07.24
785.2207159168665,54.9925601953495,7.285150086088205,8000.0,208,2025.09.04
8018.470310832175,8165.911642252714,975.1154607319792,503.3174264348286,209,2025.09.23
5562.997203273708,182.205040389982,86.10065942649499,15.03364842239117,210,2025.07.22
189317.8211429411,227961.9792968767,45322.1064414048,173.67536162049348,211,2025.08.05
8398839.331472902,491770.8778043066,426806.93808477535,699.5765305748969,212,2025.08.17
1232.9372359444592,213.1343926224067,104.10644106994765,809.0511164404458,213,2025.09.20
5787.792748105797,1725.3670660460689,332.9735386824899,49.719829383143065,214,2025.09.18
94599.08403126356,19896.56878847602,3562.7658287257705,72.72470126259617,215,2025.08.13
338695.08049453545,279106.972987991,1959119.6758466403,178.83004641477527,216,2025.08.22
69940.18545026536,6597.302614504664,1311.8846756908279,8.109846754090459,217,2025.09.01
4259110.556230999,105789.47656803511,188748.19331146553,3.496334270729484,218,2025.08.23
1411380.5151621418,53025.29672140545,143528.13052055702,4.9807994524212535,219,2025.07.12
7682.038888694108,142.88503178943995,2872.9062353224786,5.457910683877322,220,2025.07.28
6345.676850880866,1053.0716750101885,246.9219923510622,183.0003287665383,221,2025.07.25
183.4802964129619,13.700925898296031,23.461103347968244,8000.0,222,2025.07.05
82019.97260790148,10648.619879555701,185716.23169988976,250.91971308039402,223,2025.08.09
736433.1196817696,265609.07041987916,204448.90238623004,16.47882042455646,224,2025.06.29
12713.478522893502,1209.011247115734,12.436786861771228,99.15457064108837,225,2025.09.10
948.0199818408092,69.04213532041825,10.968574385710022,69.9315766913107,226,2025.09.05
5052119.981254053,79397.59169762582,345764.03263735864,19.20596909481084,227,2025.07.26
5886.1214284329335,22239.261342893737,33620.945678322416,829.2943031765536,228,2025.09.10
685.9762456477524,68.40579879672242,4.0,325.10522196399853,229,2025.07.25
19749600.0,694881.1808950183,1425790.3563762552,121.14428309480049,230,2025.06.27
4477712.972353569,72523.82728735593,2022619.5783430566,2.3263391124824886,231,2025.07.06
356.30043426115526,8.256371554869018,16.004248615235237,8.42691624751431,232,2025.09.25
160629.30081650618,136705.06314606642,98.35795374602637,177.0786011182134,233,2025.09.15
2173725.2552191606,169352.93530644322,67599.49649508519,89.55048556087698,234,2025.07.04
40215.5743300345,660.1284390219239,169.3253518439739,6.22549395684133,235,2025.07.26
125737.42163207848,9601.824908466704,2036.135043303227,8.693513598416844,236,2025.07.05
652228.6238807337,2343.85929595549,12782.885025271646,48.843012974437684,237,2025.07.01
19749600.0,454108.90385497734,6021440.45707715,5.730849077165459,238,2025.08.08
12445.631480918435,404.57859270416975,58.216458381749554,169.9389455805306,239,2025.07.06
752265.5477169568,118267.82546050436,298.9888030286659,299.55734173307127,240,2025.08.31
10496091.981006812,141457.0092486042,149721.35196242863,5.198175579936928,241,2025.07.27
4829751.617252894,221227.0348050917,9711.535214078991,233.25977651145485,242,2025.08.01
611286.5204572446,870.1935152199931,101714.45960846606,5.0,243,2025.09.20
19749600.0,1521600.0,3856062.46117371,213.99561803006014,244,2025.08.28
6130054.692832875,883646.5556900654,469252.4560425434,463.27494682781867,245,2025.07.24
9667039.880534017,75067.77735922461,1021509.785064819,209.00347059354593,246,2025.09.04
56265.382379221934,1270.096653328924,3615.0076931521994,174.9419355191913,247,2025.07.13
11477.597675330742,26147.130417363893,9710.101368310423,70.90546176825123,248,2025.09.08
13669498.27452705,502921.36701717,360491.1484050389,111.15364951562833,249,2025.09.08
44289.49117191624,18438.85522919963,4626.519122320959,147.99209330096284,250,2025.08.26
6423.054841076264,2892.720889211665,51.599562338285004,308.92538465016776,251,2025.07.28
8918868.905923037,31787.753410130365,15850.293549895692,3.9824590028653724,252,2025.08.26
5748.6523190998805,120840.859652851,15.76138216066763,318.53848421790997,253,2025.08.18
128.59208850312794,53.45077008243175,3.0,1.3444998922201776,254,2025.07.21
24676.414987448996,40.90443393082493,5986.834811362825,127.37430979909473,255,2025.07.09
89020.60701523836,272.913028462495,10116.524976217397,477.1201173760785,256,2025.07.09
23931.99265390884,5438.337778069662,68.57463726121708,6.692569245096198,257,2025.09.19
16379087.260922205,123616.88955524228,234898.5821289331,7.987267781780549,258,2025.08.21
2688.6845321020314,4131.023445225006,21.251256353831582,705.361715664628,259,2025.08.11
29058.82552780793,185.97629712612826,2100.7118964331366,5.0,260,2025.08.20
2369150.3910277756,35398.56484869252,21986.06565287033,8.967393773556985,261,2025.08.18
19749600.0,728088.2852596947,8531577.317749532,95.49019790622854,262,2025.08.25
172107.49179310192,39691.54387749449,37087.56755662188,3.9675772021202347,263,2025.07.03
9074552.070039894,529089.4859122565,203915.6624160735,7.01415796362925,264,2025.09.21
4622.9811711521825,1004.909049713291,263.54456191292866,8000.0,265,2025.09.18
822287.8582588558,11189.156624821593,64383.26775256973,95.76950574594551,266,2025.09.17
1949356.393874735,172162.76591971793,359547.87604649976,79.2020436304782,267,2025.07.09
16154.080528309501,5661.7493118509055,235.44268847993163,979.7347568689072,268,2025.07.04
12579.464431331557,1806.002520998374,30.92325515375679,15.576076443619623,269,2025.08.17
96774.84052445657,125481.41434805295,6900.38359307764,212.4468632917251,270,2025.08.09
7803641.690824053,494055.9716896117,117037.64819359685,4.736471900839839,271,2025.07.10
5038.898744058195,92.30914738119777,9.380667089318306,46.73361249925646,272,2025.07.28
19749600.0,1144809.0623705036,917538.7425898555,950.9795180144921,273,2025.07.21
153060.7728053603,3139.7203623260734,482.9409089677402,6.664219641659065,274,2025.07.21
853395.6327152498,2765.162513325441,31166.666749878663,38.93787866797644,275,2025.09.03
2259080.654629726,265059.7296675404,632327.7570030213,272.7305879770225,276,2025.08.23
221798.01862688785,18299.359420416087,11867.951208777296,8000.0,277,2025.07.14
86545.72610900355,231.5421977106096,139997.79341066594,168.41189455356064,278,2025.08.20
86755.87812468784,70.30887067788836,1312.3192110046361,544.8168061808326,279,2025.07.20
196814.95931527286,28023.419999787962,1103.6060916692668,5.342728341920144,280,2025.08.01
625615.7384538135,435387.15969069296,2592803.1266492857,337.0472724261898,281,2025.08.25
1152563.9734531909,526975.0528559135,322299.3048428149,8000.0,282,2025.07.28
14185822.49730348,72492.82169387864,6665854.82012386,28.87972012751393,283,2025.07.06
6087634.703920569,129951.90022177184,165359.45946030086,80.50208173322099,284,2025.08.22
149922.60641590468,256549.36146788482,10307.024934577106,10.868146977889952,285,2025.09.05
455786.85509631294,68050.73421616839,1402712.6297490664,161.5581381216673,286,2025.07.09
30589.68590762281,334920.64794210927,20040.423610488473,170.2723017900545,287,2025.07.03
6893398.819611445,703269.2629672317,822206.2640221393,169.14309992389815,288,2025.09.18
17133878.35685531,1521600.0,6810401.465669902,314.2244830352845,289,2025.09.04
40233.99973111746,12580.513343255732,121.23085555250236,8000.0,290,2025.06.28
1597363.541468667,284343.5917414167,303131.77206279105,77.65256113489819,291,2025.07.08
120152.25578410488,14852.29394663804,1236.429622462595,504.85232432902916,292,2025.07.27
513899.18875694275,24656.492181699345,137282.27559237726,514.7939631785811,293,2025.07.18
1999.272841718342,490.91950562513824,7.762716261052365,166.12877617725167,294,2025.08.18
12888.440522636503,265.8067538722884,216.69843495409447,8000.0,295,2025.08.28
404328.89198688546,314067.9102736756,142343.5648545875,90.77369436451694,296,2025.08.27
19749600.0,1521600.0,4620155.668248514,6.976646545254031,297,2025.07.24
6445140.751212223,105208.18616790017,137812.8224013145,207.34348671145474,298,2025.08.17
127312.72440790897,3061.0043162460274,31711.158556850536,2.254310534815908,299,2025.07.04
5312.25471177665,42724.44567171417,405.70955718185377,4.997107732759696,300,2025.07.18
42730.550289689745,182315.96534630924,4591.5353610264865,76.86165550648495,301,2025.08.14
604.582347211017,142.32079681719804,80.50398263764889,8000.0,302,2025.06.27
2934755.4471030375,60853.164890831584,47588.11264118976,5.0,303,2025.08.15
48755.930468852916,771.531377038656,20714.893790812377,436.0590957368768,304,2025.07.30
18205.41739872565,4417.692510529632,818.9540337186414,433.80377188936137,305,2025.08.24
18218.50883587596,17375.529021989278,90.80140491037308,4.309699106621433,306,2025.08.02
19170.219246511137,1460.3717557389364,166.03492124446396,157.9300510582027,307,2025.08.20
34177.33454977503,348.8119691818452,6080.953276512197,7084.78307592437,308,2025.09.24
19749600.0,42896.63348676613,4525.925970899331,1488.3157367231038,309,2025.09.06
38143.78686139353,5659.698777686753,1812.8228796235358,362.01352338075094,310,2025.09.19
91937.86763125393,5927.835985617641,970.0868076470844,57.00580874936518,311,2025.08.28
10460346.08192803,407290.0233334714,1042172.3902189591,77.93697310991747,312,2025.07.16
370997.0768710633,13693.407468480362,9581.482424812708,335.2209528232367,313,2025.07.21
135609.4094549213,13368.910202368974,5308.183501061739,245.20056577439453,314,2025.08.03
999059.88441043,50171.02144726329,135.02845108240666,174.7606729671479,315,2025.07.24
82904.01677418062,21935.579387778846,952.9460883923903,76.92449722880393,316,2025.07.04
10464477.658480618,535173.6647628616,4114656.2322420813,57.926690649273446,317,2025.09.09
9713822.415109294,142919.27762226015,1804396.0494269049,200.5987301273702,318,2025.09.04
38191.154009562306,36388.260295789034,2020.712019780205,487.1493533508723,319,2025.07.04
187832.42777659727,4040.112451592798,370.9545918012294,8.264847542158954,320,2025.08.06
30966.51836610828,1793.3679972068871,3374.762954894195,8000.0,321,2025.07.04
386.41913122926513,44.576792181188026,5.0,8000.0,322,2025.07.03
257959.3638806008,11603.090079039439,1402.7283400450644,15.541195437745987,323,2025.09.09
35525.439439711095,950.6065275194089,4415.013257656091,3.2703135679160544,324,2025.08.27
31342.635675326706,10878.141732591337,674.3282962334305,5.0,325,2025.08.30
88694.19143170281,1703.720928427485,3646.5614268786153,123.96976870663906,326,2025.09.02
13036931.204925155,10564.84232634281,2398.774570424412,183.16936688317213,327,2025.07.17
558336.0218265547,568126.6786113309,11810.493565400042,273.2295229543017,328,2025.07.04
26481.695048244954,26545.36484908324,8.641328604758703,3.3580180384940874,329,2025.08.31
5174.011236694398,763.7914895945606,47.56957765106189,250.56502098429146,330,2025.07.07
38886.935956563946,12772.16730265195,200.66453225137667,1263.146383993657,331,2025.07.20
360.5619036175581,120.45978316595729,32.42256403375649,806.3768514797874,332,2025.07.05
13520.565315201213,8110.30257238553,15538.63622767745,4.0,333,2025.09.11
882.3486914685623,17021.99329121976,339.8256817120564,79.03470848974821,334,2025.07.05
11299.900104738563,16036.852219963203,1247.1433467468928,5.781373615315063,335,2025.09.21
22118.897470257885,17830.790018630363,643.7170985702937,577.1518022818091,336,2025.07.27
12284.348154009203,14295.885212430692,35879.601737648205,648.1892495445488,337,2025.08.17
1249712.6564440576,204.5087051291345,467.13769532270936,5.0,338,2025.07.12
66476.27072856828,8457.23240196441,72211.59307456618,273.9632337857147,339,2025.09.07
26151.10082273125,46486.34865514343,195.23748965420023,5.0,340,2025.07.28
4286795.732890985,132259.81261041042,100052.62023577234,56.24247982745316,341,2025.09.09
1840.453247608703,44.37902631631979,383.9962777061897,8000.0,342,2025.09.11
1490.3582529428688,1063.2687260829741,34.38748725207041,8000.0,343,2025.07.02
19749600.0,1521600.0,2408937.344314075,87.4686556050458,344,2025.09.14
12462.253830892563,1315.3222442277847,260.62258677015404,3.0,345,2025.07.07
5131.554058337108,162.33782685086408,928.4853300171195,2.2051975604386387,346,2025.08.19
1817756.087486369,30603.017081522303,75295.1194415614,255.5153137529868,347,2025.09.19
718371.5635461826,399374.5757757943,128552.89245610291,4.808245439785791,348,2025.09.09
742.8467100158857,517.6087192832234,81.2910908932106,170.89145416958786,349,2025.09.07
4563.787875019983,696.5294737142502,268.87465975228645,1264.1306034669763,350,2025.09.01
8508.65372206222,7790.588752904162,789.8259441958264,4.208624504046749,351,2025.08.06
1497.8916561681858,1067.1758091331367,5.0,10.859527766987412,352,2025.07.30
2322050.1851499183,88687.47870535313,44719.20787485412,13.448342360005986,353,2025.07.23
369331.54646397854,62091.607446460235,6777.644921613646,41.90032487810039,354,2025.09.20
566121.4626628971,19890.80216971283,57869.120481529884,272.0996301014836,355,2025.08.06
9382131.391082602,4400.409261304279,40007.28069898636,189.5246276771752,356,2025.07.27
776892.872084373,89419.18517865101,27673.00717746878,883.3503018911969,357,2025.07.30
271038.8736077806,20090.92997105762,128.07426483548053,279.2223874605779,358,2025.08.16
9263442.016580416,121977.15661777952,858421.3774969699,2.607558578313573,359,2025.07.13
1952.7450925872438,2479.9895298922993,17.127082157799844,1075.911125737421,360,2025.09.20
99.16913905629924,12.844763226268666,9.256314836378671,8000.0,361,2025.09.17
105612.11544138356,29243.709092099973,9811.34801154766,3.3817022663142264,362,2025.08.04
413540.86177020293,1113200.702854218,32152.51978483215,8000.0,363,2025.08.24
953649.7175132702,134973.90958849556,8657.95351788686,7.629411217919827,364,2025.08.06
82.61433473328226,8.219794374770833,1.0,8000.0,365,2025.07.06
339760.45639622305,325108.67330007715,24615.94830021815,726.2830256694041,366,2025.06.28
47277.56552256277,75591.57876583154,33223.08620730864,308.3441302161613,367,2025.08.24
285.7848349212773,55.66326358903262,18.013944227971482,4.0,368,2025.09.14
2226976.9157391833,49500.244188364704,58282.90360104517,14.391187843566353,369,2025.09.07
1317223.5522807664,7976.974323465543,9386.78845373394,666.1295772270245,370,2025.07.09
192.56786491682774,106.75791710591518,21.35447124527848,8000.0,371,2025.07.06
163763.74071853192,20614.392621820964,16776.02948276744,6.638727569610832,372,2025.09.03
9250.249313139908,17377.68041843137,4392.441522272645,264.5149947487728,373,2025.07.24
9790469.382232001,125111.18063904642,44274.28407951818,2.8422635187136014,374,2025.08.30
104.9692024871209,8.177335632317693,34.7268460452966,7.056209078961491,375,2025.07.30
56699.18561554945,112300.74610122028,25137.748588174436,8000.0,376,2025.07.13
2851.8114208637157,754.3104933924046,1708.0190985576585,110.36162991610381,377,2025.08.10
4056805.551934018,1057.4638998512257,111767.17987474258,5.0,378,2025.07.05
8876.340738770561,156.57820302653573,517.2054946247226,130.4274927295968,379,2025.07.28
132990.86218428763,1770.0126295541463,1831.239653620782,441.0418621912661,380,2025.08.13
696610.2362609907,9547.095757514931,38190.07649820436,439.38685079941365,381,2025.08.02
13841.910085633888,761.993125923802,17.094476140839937,8000.0,382,2025.07.17
1604138.9634440863,14926.874186736562,27084.923181899947,93.72180667338912,383,2025.08.22
256534.43658741546,228462.75666911865,71335.55615791104,833.4220784785045,384,2025.09.04
6968405.810747351,189284.395650321,717108.9540224309,305.77016551282566,385,2025.09.25
904527.3651390731,32045.469583701102,1737.9059745011457,582.7429176646596,386,2025.08.04
27402.032707756935,7448.6553199812515,460462.4260417119,69.98004223135622,387,2025.09.13
8193119.746564738,158449.20702767713,422366.23982873606,82.33547465294149,388,2025.09.18
1017.3341054764553,150.93012351270804,17.365431504560036,5.0,389,2025.09.02
19749600.0,1521600.0,5981961.308525286,89.3249627978254,390,2025.06.28
78049.81153827377,20925.320340085393,5448.3101009882885,617.5118253910214,391,2025.09.20
17302416.239203196,158405.83450593703,1931739.865487245,4.870128346517639,392,2025.09.05
19270208.34098598,298123.78826359706,192567.936958116,6.8964944173504605,393,2025.08.04
120.66260929413852,5.0,3.0,8000.0,394,2025.09.19
2831.3784544905143,1083.3630170251552,5.0,4.0,395,2025.07.10
85163.66131498641,7221.934945274611,6812.249252841155,296.1820727396997,396,2025.07.14
7533258.2140753735,4254.470776333543,1506.1541031952165,8000.0,397,2025.07.30
24136.018285682992,1720.5993083740123,58.165204802730955,153.6777565158437,398,2025.07.11
19749600.0,1454605.8034591386,2222386.6999925505,1335.5676128471941,399,2025.07.10
1067.1787624176661,52.316964499927394,70.09530055565028,8000.0,400,2025.09.05
309136.4081577137,447797.71772971755,2654420.7676429944,249.38167579760994,401,2025.07.16
3891644.8010074743,93238.70214651378,835127.1854199007,215.37612633484915,402,2025.07.31
398869.52838183613,30703.10902820609,67.71311604469021,4.0,403,2025.08.02
11378715.05289325,145492.03832587515,75861.20483248204,144.38326461758885,404,2025.09.12
8447.674772356688,158.40322621203623,595.3131805664378,741.2340241206226,405,2025.07.23
50639.145937543675,22934.817466870554,470.29329596235056,455.16796896039057,406,2025.08.09
2197815.4458024115,223.636485760698,293.57996239724855,387.6424410084094,407,2025.07.23
19749600.0,93163.32707448486,338924.8958257475,172.40404348509537,408,2025.09.22
136255.47040964133,5651.5488622451885,3651.8332118783756,1.699421442254475,409,2025.09.16
709088.6928454142,295.1109948898784,86476.00073475602,262.19451608885834,410,2025.07.30
640.4547763789462,215.86359466909127,575.5719590625351,93.93565822552735,411,2025.08.30
349595.6860444338,133122.80516272687,1521967.252574384,12.431099334210298,412,2025.08.28
709917.2854165575,1925.9396013420046,36395.83657196848,166.70807238327257,413,2025.07.29
5038357.21417198,12255.724026546373,3157.12762563557,624.1622360372303,414,2025.07.03
3657282.9452571063,17613.143667811117,9087.187529724266,32.18343428267076,415,2025.07.08
269819.66927045624,49865.82348816968,1404.4874290278437,725.0981592205378,416,2025.09.16
279.0992986798608,18.4004447436172,596.3965830531957,8000.0,417,2025.08.20
20107.5711652099,3363.67946455661,14.237028015993802,150.713088142736,418,2025.08.01
1526999.6650953707,94781.84448079322,18275.855470443315,7.009467322285177,419,2025.07.02
12385727.180398004,1261487.6622289543,417972.2383855852,14.323300283189258,420,2025.06.27
29908.098924338366,562.2979478598722,478.42560388418434,11.686503017178516,421,2025.08.08
6575307.337591613,228294.72748246737,198537.90410258065,267.1935892031386,422,2025.07.13
68993.67543588635,12332.526469033397,12539.958137130046,195.72179319855607,423,2025.09.16
19749600.0,577032.7156981272,1821042.903776761,8000.0,424,2025.07.30
17683791.89221854,993614.9988130869,1112307.1359464924,130.73581162458652,425,2025.07.17
2823.5770520772676,397.81950672205113,145.56257650679103,234.39105249178175,426,2025.08.22
6657.80273601214,14353.535634042817,21490.928510717637,31.432275180662344,427,2025.09.05
5399.103597390458,48921.0870167393,6212.620903332467,81.59324790635098,428,2025.09.25
931042.0937488427,163228.13461849326,524896.1897589327,2.0,429,2025.08.20
845771.9671811971,20058.030551013722,387.4706763117092,422.3176929238189,430,2025.09.06
19749600.0,434250.55191720836,77072.50229533056,226.07346275542986,431,2025.06.28
370840.9115461821,75454.0639354706,2787167.159221529,6216.467526704765,432,2025.07.11
12261.005210273088,56315.203201288605,60751.830847138204,194.69467514194906,433,2025.07.06
62411.33739423507,26406.329125823122,71813.47807095227,82.2352696275006,434,2025.09.23
19749600.0,547350.4183918452,1138353.6120055988,130.6080699609653,435,2025.07.16
408109.16939898813,9865.087968203426,180767.50857847967,420.62453367307313,436,2025.09.04
4533928.897576576,564561.3908837918,291947.97694540146,7.206824225659878,437,2025.07.01
35.13375197162998,4.474571427269462,2.0,8000.0,438,2025.08.13
3774.645480463075,61.63931186746456,748.1722529790949,8000.0,439,2025.09.09
119314.37105655063,2241.9926981742196,15209.999416150147,5.480462298705066,440,2025.09.05
1472824.1276591427,9838.771168417681,614.1641611080105,230.2072658216747,441,2025.07.15
1155731.5753959934,45130.03235563723,743.3202062995306,4.0,442,2025.08.21
171270.8380951811,7711.525413956785,5980.297992351535,1052.4005647143513,443,2025.07.13
15486.997932111084,475.7215309828193,6649.845085587175,4.449620790183849,444,2025.07.02
1536152.0003838881,142314.11783743338,91714.754783355,76.24105497927818,445,2025.08.05
331163.8022411833,613529.614923736,61102.420611166424,333.1158189126893,446,2025.08.12
2619389.021460272,13796.23267498375,169789.08701566336,69.95416884350415,447,2025.07.02
363.1261920862326,147.56407126517436,36.979476657782286,8000.0,448,2025.08.11
19749600.0,487275.19853794336,7251052.478964436,299.2872735758048,449,2025.07.23
268435.645408233,28285.511352478316,17103.087206061267,3.0,450,2025.09.22
359834.36427966534,694665.9688282833,6183671.622134338,244.25949984049558,451,2025.07.28
1101716.7634868135,221596.93238608344,694719.246162361,10.741663105490392,452,2025.09.20
22374.54620167932,16160.730184585249,25376.01503603577,122.4035136221351,453,2025.07.10
7617.258853262183,1738.3220700336003,6590.551088894054,122.5794241131359,454,2025.08.11
399437.25290784024,3962.474767601365,7850.001763036414,2125.406317282261,455,2025.09.06
39799.95887470054,8375.41713287431,43918.913743199,107.51365906192841,456,2025.08.18
71239.64047853492,78146.4696711493,982.8022802099604,5.781653654960734,457,2025.09.14
185287.07536438963,9701.927655329306,12861.325935766792,7.511462562023016,458,2025.07.16
16375.161460557762,880.0755942879886,413.19090365726476,1360.561852048757,459,2025.07.27
26710.095747852043,472.1125601022534,628.9367198339438,231.711291163561,460,2025.07.17
624.6046092501367,562.0437778876981,1571.970085559882,129.15608989304184,461,2025.07.19
651270.6319765364,29438.573387375214,2865.56591069126,180.29783049619817,462,2025.08.18
2787516.103266693,2727.819156018352,59.64199969791341,10.66826378285532,463,2025.06.30
7134.354180381489,996.4099424061619,195.1407758053858,4.858346485437111,464,2025.07.19
2994.3728683284144,102.33855562361495,175.82450721377936,8000.0,465,2025.08.08
5517.967708920942,623.9003451854217,4292.015939318009,481.4661962964589,466,2025.08.18
5344.122914941463,29499.086865195895,14138.743567921158,154.65106675742547,467,2025.09.20
50100.65116891265,145823.44571074712,111.57150591231377,7397.546977666822,468,2025.07.28
19545000.345637426,40779.794221574375,771.6654219335234,5.052279185249892,469,2025.07.31
139.92446846962522,93.65183576359746,4.0,8000.0,470,2025.07.17
64784.5615144378,1519.1909718661213,134.05736811044994,347.3600423160692,471,2025.09.24
644.2548268614014,494.33611916744667,992.9581127339379,614.7706366824497,472,2025.07.10
105.78365392552386,95.6614099003946,10.81434720467933,8000.0,473,2025.08.14
17134892.839378323,1436094.107019599,2952991.842527784,537.4780391987543,474,2025.07.01
691.0131531217563,48.10275093571448,1281.0241773061048,8000.0,475,2025.08.26
170969.78128483417,150.93273570616438,4430.66661299283,3.0,476,2025.07.25
2005268.8236435163,142707.01118891157,16149.338598949891,6.7473603976911045,477,2025.07.22
307.5022983208809,2844.0505310267454,3.042965429578408,8000.0,478,2025.08.24
403437.66862354154,233624.89265497023,1111869.3402145517,311.95285630066934,479,2025.08.10
34998.80157380139,68.12877503173932,259.15657451548236,95.50253833397788,480,2025.08.05
9183909.603683272,707632.9443080196,1466017.7779538587,210.5474568243158,481,2025.07.26
4919.8037503883925,240.9250981801308,80.68342716432171,56.680908213621024,482,2025.07.25
3684703.3010497987,40281.89662068578,77000.96218381301,367.08419768809887,483,2025.06.30
863.833963157683,17628.874609889255,642.6453890246935,341.8831919526075,484,2025.09.19
12764.688186451303,8229.212810598048,2.8239143894662604,8000.0,485,2025.07.21
31190.25741147963,6035.517138239216,9791.46844862957,242.03381862565027,486,2025.08.17
395567.9059141791,6866.040152552577,359.7539249354121,1421.9479896902596,487,2025.08.08
75934.44161039792,29394.578375556743,6619.569373764167,5.5605663434508035,488,2025.08.01
215030.2352315196,508.81689750181346,1449.8830883976636,5.99097371711572,489,2025.07.05
4604.571214774518,489.2791312838003,1078.3700109031256,8000.0,490,2025.08.01
1806501.9880896783,69685.73659101456,1048712.3572106252,73.23420179851107,491,2025.08.10
7951660.9646136565,391177.03199652885,15123.687429395048,9.099170683770762,492,2025.09.17
13686.013819768707,657.7710380720906,569.5317899859315,14.46460606622242,493,2025.08.31
19749600.0,850606.9720486721,1058597.587784735,6.534307571906921,494,2025.08.17
447867.4757023042,26211.800618333535,13307.31296334171,173.25663283473492,495,2025.09.21
8349962.892598101,50196.87832125922,98429.97140438858,235.64478960463063,496,2025.09.03
2235.08237682842,314.11834878520443,5.3859137602180445,8000.0,497,2025.08.08
15702.005897196255,2041.111278302273,111.45146272297332,4.6296161964310105,498,2025.06.30
465.6072433435288,12.73377533477282,4.0,8.282296560515961,499,2025.07.11
1770989.8705784355,3726.6602248965164,78.43153648438187,8.16296058896317,500,2025.07.30
5851.046828712619,3610.8106679312123,6623.561829033197,48.669400723544854,501,2025.07.19
1467582.2774276973,19327.402675261204,1202975.3496711967,633.330796968984,502,2025.09.09
278.4978299101404,476.039813077793,18.870678219981283,9.149492666497236,503,2025.07.30
96330.51695670815,203786.19830403975,565434.7321209415,82.09798108017105,504,2025.07.01
19749600.0,1130365.6806345622,1490036.042622789,3.7328675439916186,505,2025.07.10
435560.66554585745,24301.286794234766,65565.56017407136,8000.0,506,2025.09.11
60741.43965310038,82899.37574611645,29583.77555462688,108.3103000676513,507,2025.08.21
11155.273174074788,55014.08070578279,8365.541923961902,2092.316143015214,508,2025.08.10
15870631.84157474,224093.00068236302,388571.2710502714,4.823426558133324,509,2025.08.06
67751.55391366604,526.0790205702348,1753.916381825851,873.4579662309496,510,2025.08.21
19749600.0,536585.696494952,4774068.707932467,7.047270207435902,511,2025.09.12
47404.92911956427,756.9969397425207,218.15838419332522,165.76736047660063,512,2025.08.31
109313.50197691239,50196.738513787015,93755.40422190462,313.0643485363777,513,2025.07.11
25188.05009583649,26877.071331653184,49179.856747012076,477.70158979984143,514,2025.08.15
922702.5887837183,203112.3469199842,318522.81273246906,136.24778295073386,515,2025.09.08
38612.63776294029,116868.37221548257,225183.9830950648,243.8778861459406,516,2025.07.21
197881.5487373273,173.32408998938334,114.55236080536044,6.98693751410898,517,2025.07.29
22100.54283030378,1566.7890309139686,117305.13605817463,27.901105315606063,518,2025.07.02
1491802.995230872,6373.747008737833,1845.51048469842,5.6919867211575825,519,2025.09.25
18210.203019846915,46569.84459843334,6578.833874823763,6.094975932540592,520,2025.08.21
31928.99367710921,108307.20777905901,10510.36649459136,344.8121592617539,521,2025.06.27
1310105.8260944681,47282.10172721398,83906.78030022341,10.774518464189988,522,2025.09.01
3569.2327582401904,1886.8579489087367,15.122012041638833,9.083272194692855,523,2025.09.03
689.8734471539807,120.56688356953171,27.33534944569264,48.17267777452956,524,2025.09.22
482381.73464424827,4245.201772968639,192.04018973608618,233.4633778126975,525,2025.09.20
6583876.457932934,6252.162251358084,7813.817002839269,9.159599258896183,526,2025.07.22
333.7574940478988,39.15194931659095,47.72577312451735,8000.0,527,2025.08.12
389235.1104539281,2686.8770712933515,31414.246144464054,5.532078484199455,528,2025.08.21
244.70070911311333,328.08419088793863,57.69587453852836,103.46727236006498,529,2025.07.05
14857.844366130148,586.7493696518011,46.99484884469229,8000.0,530,2025.09.20
138.1283116801871,64.64592661214756,104.9314579063508,8000.0,531,2025.08.08
19749600.0,186061.15028733978,168398.68480190303,14.870629018222584,532,2025.09.14
230981.3807199733,15601.285091757905,40583.922518982814,222.798602850112,533,2025.08.06
1135137.3205895566,8395.099672172058,22037.16701574291,66.02181711507673,534,2025.09.19
232.88642880692407,90.92689497100861,5.0,8000.0,535,2025.07.12
4304319.416550648,43224.790235847126,59923.184497688904,375.0324448801235,536,2025.08.04
8904851.078190438,773751.0150850725,331869.2332632575,538.5129543572646,537,2025.08.30
32293.685931634525,1686.5515924098179,68.53218516336065,645.2639679139222,538,2025.08.05
2040.8791417767948,1492.0680333330763,110.60989186819474,12.976789392889444,539,2025.09.20
5347492.031697484,315698.6185915398,55038.67759172682,8000.0,540,2025.08.18
9750.037970609954,640.4051329533337,3987.29416677594,16.699561189139654,541,2025.08.07
14.126914637843926,4.0,1.0,8000.0,542,2025.08.17
41182.744553821074,16622.362369587547,63452.115416506334,4.0,543,2025.09.24
706.0967025805859,136.19958769917673,2.015919706304616,155.93966221819497,544,2025.08.03
27690.0876779606,178.27940093620097,53.63346057456829,3.1621935826037477,545,2025.09.05
877.0896594302742,20.3034568171014,3.0,5.625664716584869,546,2025.07.13
383.00900505194915,2627.930533650595,2.965054950774063,22.980429832656743,547,2025.07.21
176595.84857758848,154056.2359044923,244500.1342985541,919.2738778569058,548,2025.08.19
19749600.0,1521600.0,1619468.6661748905,20.952907449925586,549,2025.09.20
1007130.4239801015,34707.84475734133,13795.360557577627,184.42195601709852,550,2025.08.14
10888110.95645181,39578.697416467214,107750.61791668079,286.52759588981473,551,2025.09.21
1244059.4789692399,158698.41693653044,113100.39574837175,20.337156961986768,552,2025.07.19
221873.2357012846,6096.53630037036,88301.23587584034,17.398415349029307,553,2025.09.13
525564.488378633,58164.697465204736,89634.00847981729,3.0,554,2025.09.07
1567710.269716296,14769.812529539724,13343.95391869368,131.25820638233165,555,2025.08.04
6770353.374330667,208743.19261082393,45024.5935352,1082.2153106460219,556,2025.08.17
28622.92706165077,3928.7202154307065,686.7517040389005,375.73555748698766,557,2025.09.05
1490.8930025912168,1467.701184468049,62.00088810944462,8000.0,558,2025.06.27
19299.309842375882,337.38958730797253,57.86668248709462,4.0,559,2025.08.04
1561566.2463871317,1077.971625917627,1254.6739507735567,48.594416062963106,560,2025.08.02
17764905.389953244,961415.8586370655,2105056.345280163,272.24393357999145,561,2025.07.23
407139.75679328723,3114.2761774235905,32513.505564826275,48.843911998205485,562,2025.08.21
887.8796244657347,712.1649901685104,4.0,205.2948174481222,563,2025.09.09
6782.620153917163,6823.782645170081,252.5099018763905,8000.0,564,2025.09.12
24216.18868698088,16138.209606295095,1431.8362608620598,4.271882590093089,565,2025.09.18
438.22237286564314,30.400323385429576,17.01352626769846,666.8673294928133,566,2025.08.07
35.98712992127065,25.895408015140802,4.0,13.655762028964041,567,2025.08.25
27009.446176852933,4417.584666579624,594.1359630962241,8000.0,568,2025.08.22
11386.971387312382,34713.796321772264,32076.14208004218,409.52889674880674,569,2025.08.22
3753500.356412686,579696.6549515816,22429.607063649306,1843.8982533779972,570,2025.09.21
230.070139912133,567.2153343090765,29.075523401106217,47.808679708487105,571,2025.07.24
1327938.665430199,5688.716287109157,13295.724805503143,80.05262919285944,572,2025.08.31
12318.669668231432,250.11705719379842,4.901787115615875,5.10795543762915,573,2025.08.26
7135292.426669958,1001687.021364175,193051.24170377935,740.1564328425484,574,2025.07.18
1009.678364469641,103.60490866661095,3.4421176817143095,9.860973679925241,575,2025.09.19
8934.439521805567,207.08542378903218,4.226998698183528,62.58959242486523,576,2025.07.07
4771279.873398668,347729.7642593601,106938.5876078406,192.18933285750614,577,2025.08.02
821.0362183244588,23.300326116652982,5.0,8000.0,578,2025.08.31
1441860.059549107,4657.328097301148,5068.22777902199,4.0,579,2025.09.19
353835.7574131705,32714.26822637029,43367.799538294945,268.0976733500257,580,2025.09.16
1766.9764640041287,206.3208788717406,10.255667631820192,49.15607455233713,581,2025.09.14
25316.98474290262,57360.16086378024,1257.8278556206185,270.0273646656443,582,2025.08.08
3548.3702259733946,5082.346261574048,2157.5506622624534,8000.0,583,2025.07.08
19749600.0,310879.64951741596,690848.1842920028,10.4067209381394,584,2025.07.27
35579.19199914501,50.028499899443695,297.2049279285771,8000.0,585,2025.09.21
2908.4228561425434,15995.99330746823,15305.885306646747,4.0,586,2025.08.05
114926.7294816907,1992.0511628910472,2996.7871297603047,22.732239570661427,587,2025.07.25
1347452.0117203237,20372.17825233696,149076.83181102847,456.91981940304305,588,2025.07.22
3515166.245166885,40636.23123757809,8672.14292105149,178.11041736549186,589,2025.07.15
1324.9697471227735,427.90844988777746,79.36052596778293,8000.0,590,2025.06.30
181481.66142748133,994.3697311338701,24063.10284652625,172.12620409977748,591,2025.07.02
69751.84017677473,10179.898182847362,83845.7449653393,100.70490682179921,592,2025.07.28
2518570.71367318,225180.75489264904,23524.317540607455,217.09495765455685,593,2025.08.26
7919.281861626784,293.0230286776578,94.78888108844201,8000.0,594,2025.09.13
2882.548929226921,301.73010987155067,21.191173189997073,258.51937116948307,595,2025.07.06
17360033.807008807,24558.800278289396,185803.03214034255,84.48743430441954,596,2025.08.24
1474090.3545295743,10617.026904062484,187.95396972660265,225.0010091564591,597,2025.08.19
2694.993107360005,40178.92485065117,3260.3418582538043,39.96400166445264,598,2025.09.15
11377.150644033603,85678.28266994731,459.1698335828171,8000.0,599,2025.09.08
105770.5055429296,142253.23057710443,175688.51277885566,37.604532752817256,600,2025.07.21
26401.832301153783,2316.5925605702605,636.2260119387821,4.0,601,2025.09.24
4655928.236992066,18736.990724321648,16547.168068366704,505.06995618770696,602,2025.08.15
17106.520461632972,14717.597735510519,21303.36584751227,412.8551389201113,603,2025.08.29
945.175952908159,7318.101452864308,172.68375751834967,88.93800772445579,604,2025.08.17
3161537.5914674206,83098.02555442743,12100.479361164298,152.2657303003978,605,2025.07.28
121437.18419796627,66330.69642078159,411596.44937740354,900.8743023275968,606,2025.07.15
71845.19651184359,1427.6052784646329,3790.9735105248355,8000.0,607,2025.09.18
3592336.1056275377,4895.1248020912435,7879.915788356435,5.0,608,2025.09.23
327100.2555984874,1401.0183749005034,3544.5476476136237,8000.0,609,2025.06.27
1168680.3536594056,19384.079645643604,84393.32418767638,98.25662045450092,610,2025.07.10
363112.59585990733,73279.54074514512,287755.8427463558,146.43969027210778,611,2025.08.20
143214.27897458148,17268.62376562444,626.658506240386,3.1913614735329885,612,2025.07.25
3008944.4184776037,991935.7783008177,79888.91674584938,1704.4365885676405,613,2025.07.19
2284077.784817188,71310.89639243545,1199.2875697430256,87.49660446229102,614,2025.09.24
410444.8486188969,22556.244580338636,52372.18906574264,4.14347574587464,615,2025.09.01
10572.695821318583,43.90354802644007,2828.096580375373,8.510026017902712,616,2025.08.25
8851.714683728229,361.6377097664541,206.01257417007434,937.4870706060037,617,2025.07.03
52045.066484343246,1923.8113495022942,5235.283235845507,5.549337247736468,618,2025.09.06
93335.60070561763,18219.668783477555,18874.202674746706,8000.0,619,2025.07.28
1430717.9241245673,33583.85563206732,34964.79415482579,420.40862681717346,620,2025.07.12
3046939.6634968272,131326.48810699992,195002.4806831399,4.0,621,2025.08.24
356.5884539061272,13.310635266570507,27.74754960540232,8000.0,622,2025.07.14
1538786.1721427138,81776.00402956351,36173.218420093675,47.90679718138273,623,2025.08.25
2463.1040252494213,7892.6465589505015,326.7206362118846,300.4627109412557,624,2025.09.20
15578.18131380542,11031.998014232016,1393.4377124782043,275.77770364050974,625,2025.09.02
98463.56631896179,14835.826972956593,140.5870785881706,3.0,626,2025.09.06
930.3417222841375,53.0546905174214,31.75635417521425,376.38646879732096,627,2025.09.11
4231.421641232888,354.88513990195196,429.54230072792444,4.433506726658724,628,2025.08.06
1204.0364392727083,390.3167007730239,6.095539216813284,8.382945279139788,629,2025.08.22
10301.508648684348,4168.029644883107,949.7669751324203,7.403090942789236,630,2025.09.13
2914.5924207080293,950.1458937921549,34.13471510055559,103.28562925631797,631,2025.08.30
9829079.510592144,89771.08769788177,299093.68471358536,54.750452966932905,632,2025.08.20
29358.673361084842,4367.803303310991,965.0858760297757,9.534845756502929,633,2025.09.05
19749600.0,1521600.0,611987.4316197244,12.827546778544257,634,2025.08.23
6723.097043772186,1161.7240277153232,100.77633287951295,9.18581924011885,635,2025.07.17
11996414.557831911,75304.4876930497,182443.211232418,238.8039141388273,636,2025.08.26
1946057.3106004964,58836.52991549188,1348064.267963167,883.3131763118654,637,2025.08.23
15480032.847700473,341452.75584053085,21575.93102608253,169.8518037592713,638,2025.07.30
2317771.18072423,225039.0579084032,304.955588221472,214.50633363509544,639,2025.07.28
15744499.2111151,208295.43719400695,5769932.443539721,89.01075710876583,640,2025.09.16
10665.949587980223,1092.3734389479273,5.70720162462966,143.6794060444196,641,2025.08.01
753578.9326217714,114608.81432693476,285655.53714614414,165.69858848206056,642,2025.09.01
3273333.557641323,125619.64691052175,15236.167552933466,534.5005908439678,643,2025.08.28
8753112.477960104,206793.8685131292,68302.66805266053,231.11202460757738,644,2025.09.15
12803030.261240182,28955.038876886487,261098.4604283873,112.17759730279222,645,2025.07.27
77323.62838757761,18077.76077834286,15.53512471222572,2672.659239360061,646,2025.08.01
19749600.0,145801.7979253934,2277870.7547842646,56.25916038824471,647,2025.08.22
75817.69261338814,11001.23199431957,5126.678379685128,81.7449726816799,648,2025.07.06
6586.362773978004,2258.2886023064452,36.63814938741361,148.97256968536803,649,2025.08.02
166022.32301491319,16074.253842759352,2427.742025103672,107.25646500347214,650,2025.07.27
109972.02714655994,3421.221728553869,6312.052151792006,127.27786453678925,651,2025.07.31
10253.296025492336,14582.44254626099,636.3022575375792,442.5460533853959,652,2025.08.08
300.41510251187395,25.09448790817391,3.0,58.50641139034305,653,2025.08.06
21775.66050661494,6042.683034436315,185.88317376377017,8.24382221025033,654,2025.09.04
2817239.3816463137,315868.8283807852,36590.96415491805,8000.0,655,2025.07.07
155825.60797774157,2431.2250715652763,8601.057211147865,2.2653361939709233,656,2025.07.14
290172.09767229273,29461.793539078826,814.883727198281,964.2682584426623,657,2025.07.16
2508226.5769845406,83785.65260348601,181739.1927043428,218.30259045059006,658,2025.07.26
10470.334975097361,38679.619510276316,2867.992223245631,14.586242921899863,659,2025.08.15
66714.85726653712,136.1450834918366,1233.4239756084655,8000.0,660,2025.09.23
7724.664990144445,92.21610132242813,40.951593079677295,8000.0,661,2025.07.16
59971.469390038415,40433.274642004115,15912.304042054142,122.9452090117625,662,2025.09.25
6788.019389741523,8256.442672708905,1510.7556335655117,5.43061730963944,663,2025.07.24
1946682.6289941056,272019.67666008667,3116.062999544648,722.7893521986098,664,2025.07.05
670.9363424363311,364.2779687938102,85.66352069319102,63.318904975505916,665,2025.08.19
6051.992846800499,539.1812038370047,2720.6467923984624,460.9403753714346,666,2025.08.18
487232.66772892233,379793.0654324095,1199875.8115715627,10.980899111832011,667,2025.08.08
245475.71004257165,417.8532117796745,11564.389543481304,4.060116963600084,668,2025.09.04
1994171.1852612381,3394.3832636976645,4537.08993061506,252.92946995093837,669,2025.08.25
513684.0829352553,124879.61923465725,9783.957721780247,106.0610866162023,670,2025.08.19
6348345.067777712,40361.894139014745,107.15074778857644,7.227168720197453,671,2025.07.04
865118.079553397,88191.12559349756,519692.5651329882,93.00739591175436,672,2025.07.23
461162.2357170795,384133.5162144448,5204.05016348835,242.8082780454815,673,2025.08.19
191495.4861178036,297260.79025918175,2058136.5396403696,38.509277393992825,674,2025.08.15
1627.7915607342638,11001.400668273809,219.7065307921192,4.753776124999813,675,2025.09.09
188.21576416194333,28.767790292553965,15.052183638680205,4.914107706619824,676,2025.09.24
960139.3444232204,5031.737190350538,1387.6227142663745,5.2443462766126,677,2025.06.29
17126732.72307689,152552.1048591236,4777693.345722107,50.63919637301355,678,2025.09.08
264.6115152617188,1355.1011963876986,3.0,17.62685078641408,679,2025.08.14
426.6488221958909,65.0124767651431,156.14711861084575,8000.0,680,2025.08.27
5048.547709561016,97.14568419239086,28.950998684020618,124.2065115555653,681,2025.06.27
4946.800821072345,304.28996790063127,416.8537552844634,10.111452289675608,682,2025.08.11
19749600.0,1521600.0,2713681.0285605,301.8214584447698,683,2025.08.04
546.5806485994694,1878.1520076334052,44.35875784557809,141.69300081953492,684,2025.08.15
8601.311241837122,13797.652553097601,2770.2725978462263,5.2625186162149555,685,2025.08.19
3729112.740852293,65203.377670016,38021.08613310552,5.0,686,2025.09.03
19749600.0,1521600.0,1040935.4135900829,113.5495240820453,687,2025.09.04
134287.84953247668,3411.784050725534,68.65861380722767,150.7248769160326,688,2025.09.12
4294.809109901351,60.67057006789386,4996.456124059424,85.38687707209102,689,2025.07.25
81.51969323460713,30.160597601476365,1.2394478231935762,5.0,690,2025.08.28
536560.5613327858,62881.79940914753,15980.486206344156,256.92958198339795,691,2025.07.25
17761.823533482737,162.41954146193007,18.162350375749682,6.728562714027749,692,2025.07.31
10424565.509597642,441754.95160752395,164671.95310775292,5.290376718901894,693,2025.08.21
110867.59092442249,2551.3610474918187,1348.5850952906594,5.516824808716207,694,2025.08.28
10474.454713280067,1723.6588463351193,6841.979800040032,679.6758192776015,695,2025.06.30
2176690.0346526,29150.227887343335,2022.4392120573373,15.939261619629587,696,2025.08.15
450.8720459824022,31.02457872739719,291.6628801893044,8000.0,697,2025.08.09
2318.724336409893,525.2944369976574,8.62591097440294,801.022127761261,698,2025.09.20
23435.71871049306,10424.085778463377,2964.064470901507,8000.0,699,2025.09.21
971.8539606740292,114.02223567460423,107.02327545966598,95.0022126867527,700,2025.08.17
14752417.270174468,191800.2064253131,1117233.5400545876,533.7603343964233,701,2025.07.18
8657.900659576988,1870.97283052571,146.09384694557133,88.06344737344958,702,2025.08.25
223594.1316616507,24011.06947170022,10727.225400019926,207.7384011585589,703,2025.07.13
5512.514951571239,693.8808049201284,74.96707594900387,824.070182430251,704,2025.09.14
4013318.082446369,93592.20147648493,51152.18384792551,62.96473587604591,705,2025.09.03
13538.950028568279,4141.533769011458,593.3940771553481,4.209000637343862,706,2025.06.30
96368.83013705669,698.9642008593358,3988.5101683413,8000.0,707,2025.08.16
7169.050429499057,1514.5678829097353,832.3376741306201,3.0,708,2025.09.10
92022.92138135908,8943.597683904009,16874.616705827866,1765.0548012915756,709,2025.09.07
19749600.0,96706.75197015672,1117179.157713692,182.63226221367105,710,2025.09.19
5451.436918739629,151.58624951365206,23.554292972210067,100.6068235790644,711,2025.06.30
502130.21613790514,118.20534746445695,1.0,97.77098162883651,712,2025.07.07
4722793.9487530505,12747.660467537702,335040.2882826309,7.40800446914333,713,2025.09.17
347393.97956833855,84802.01319410706,63050.547294045304,278.175089117935,714,2025.08.20
10111065.210522942,423495.2824783116,427539.2004728598,86.71962040441136,715,2025.07.14
435353.0387364065,5097.1367881150545,22424.29434469717,4.995692350283821,716,2025.08.25
112406.44199287178,1305.4947853704346,14369.507973104679,4.483182820176135,717,2025.07.20
9212957.100836987,1019189.9751267008,45234.80417086272,2080.4597545614206,718,2025.07.03
5745.226600465661,283.88277271613435,202.18636994243997,8000.0,719,2025.07.30
43001.88403919268,27782.763738993293,237833.43340355073,269.91404811252454,720,2025.08.14
688.9839014626683,374.54600098109705,689.4331422526171,345.7659725193007,721,2025.08.07
2179355.4946756433,24421.09564290596,167794.09532739848,196.27239869487076,722,2025.07.24
1323.0068765558835,329.66063180083614,45521.473231347205,90.65321352168753,723,2025.08.24
43010.630643075696,3762.6077646267922,13903.22815925975,127.84465238974559,724,2025.08.07
5571956.723843471,75341.66784828613,131715.49881122485,5.178591777456928,725,2025.08.09
746.74017467823,91.12228729818115,289.4185708922691,239.49295366618313,726,2025.08.14
2545.5395451878358,2681.589831077002,8816.409658808187,10.998207796812322,727,2025.08.01
52739.71610731278,1888.3316702974687,2535.953526085825,47.34799337088152,728,2025.08.19
14671747.36357191,193175.3431017576,2401934.712588543,105.36680657097095,729,2025.07.29
23348.716661005892,10238.93426617619,26.85747780332582,1281.304355323036,730,2025.07.07
52861.02116023006,5549.41615910035,118498.43892230636,5.30292575624807,731,2025.08.26
104685.86184805383,13739.40130945558,10712.453639087234,8000.0,732,2025.06.29
355687.5232462506,8871.943140421257,6105.522788098783,402.1520745846279,733,2025.09.04
2204.3095228101633,49.28210822902159,128.27493804448252,69.66739368476279,734,2025.07.03
2301534.782780866,1069.8874413896492,366.21957435852096,2.601555889153524,735,2025.08.10
438870.4373556114,214043.694322376,210153.83140142565,246.8312433473193,736,2025.07.25
69774.22300134196,73087.74090658031,13764.816471001526,8000.0,737,2025.09.18
4738560.474397368,78236.88858480146,483414.34033812326,260.3397620977056,738,2025.07.05
1934.3082651157529,39.027810286234164,5.0,8.669717159151148,739,2025.09.18
660411.4747471855,2055.931234129934,425073.7035671271,146.48504899755662,740,2025.07.02
6366077.140034759,19001.754408400502,114263.77710983912,3.399468662714151,741,2025.06.30
4879.413387773464,322.40939943735856,11.047857707101121,8000.0,742,2025.07.28
220.70318063167534,14.326024458379681,58.845790760663796,7.688452596036711,743,2025.07.22
19749600.0,196694.57186723145,9813.651395244902,339.9080604578724,744,2025.06.29
442.6394345473122,1043.839933015631,108.40188120756139,150.4880280731385,745,2025.09.14
1049194.642405985,4863.478914649562,21922.72500507295,266.91351720328623,746,2025.07.16
2928014.4949564566,30693.849250998905,24164.494959187483,968.3790390508972,747,2025.07.27
4651.984346090764,4517.195877939074,584.8011148933774,4.922518824606719,748,2025.07.13
138292.99329182977,4772.895661433611,649.0913176161506,85.11636129193727,749,2025.08.26
21563.14258889426,943.4641940288722,12.499794210555203,8000.0,750,2025.09.20
4648116.2301634,12389.962213560579,129232.43433094259,100.70634757371519,751,2025.07.11
19749600.0,1521600.0,8118726.43923885,507.4053969791987,752,2025.09.07
88661.05521559673,12369.19215790085,23.33906131200861,394.63590474250515,753,2025.07.24
672.8325672775628,116.95888030588776,3.712344723735538,29.839080878888247,754,2025.08.25
396136.49041120964,13582.290425054667,13990.768803345487,3155.2785068053945,755,2025.09.24
2119.3049115382396,175.39696181883286,4592.247328707867,875.1720568397086,756,2025.07.29
19153.647879685406,7621.0867374670515,58.71623613488275,310.52078124627,757,2025.08.13
6471.1617500032025,55.17827849206967,55.791331415839274,372.973197942379,758,2025.07.18
11236956.589414252,211898.524845319,1120173.0622181832,1391.7966859790645,759,2025.09.12
3652676.1649088017,28812.542373781096,30725.906779146462,106.97016982360451,760,2025.09.12
339093.52484193677,24235.61087783635,15391.172487829173,137.29183563045353,761,2025.07.11
283.1400399898196,41.60955202363567,5.0,8000.0,762,2025.07.17
79528.27222779233,835925.5032373226,441400.6795853454,198.8093504629665,763,2025.08.05
10704853.585950905,253401.92570416286,1171920.8779818933,1092.7977152538967,764,2025.07.10
6575355.149665813,71336.15766907072,25767.034588248258,4.0,765,2025.09.09
2277036.1715994575,69561.05173740328,19427.931523761596,4.619166590779956,766,2025.06.30
967991.2478588398,133913.76605935814,26189.902366022165,488.9045482733643,767,2025.08.05
5696.321569152509,1873.455805737009,148.7012277365367,393.9517094314272,768,2025.09.08
3085531.9118598914,846114.8408509903,8988.276990362165,11.347352934787065,769,2025.09.21
2903322.9315672205,20809.95631433405,37627.06431197963,62.44824884966899,770,2025.08.14
371808.1549547605,6532.36763313269,41473.358835803636,29.370172856199204,771,2025.08.16
14649.981662864004,16880.4410463947,149665.64066401715,116.21967159681152,772,2025.07.22
21399.638705306512,203.84103470755076,281.7650005566668,1502.2300501732645,773,2025.07.06
39010.358451827145,1949.5746021886168,778.9037119236704,5.643535217758769,774,2025.09.10
19749600.0,250587.46308033302,63096.787912613916,22.293875777456574,775,2025.09.23
68755.56938975184,3781.682037959475,43359.699340790845,35.913960437139686,776,2025.09.15
480098.57200078527,2841.090419461718,1075.4108427272015,110.8345552881402,777,2025.07.28
600688.7390644667,79761.3271641199,68469.67779640708,43.19334760606942,778,2025.07.10
38030.79926447881,3562.233760839659,6325.053383613046,216.52011505667997,779,2025.09.24
171596.126675898,7672.584804231475,4451.701467437967,5.903981064376429,780,2025.08.04
267279.52445640165,22983.346508271014,42827.59811157421,97.39052675071994,781,2025.09.22
55119.88411253647,4464.214425193394,2049.4385231412975,5.622467099710297,782,2025.09.11
844.8924886098425,166.73363294889646,7.099041643677193,77.07058315823325,783,2025.07.12
99632.33399649376,1617.1012529215498,861.6894374901979,78.64932020959976,784,2025.09.07
3799344.3217151524,801.0511119391118,16229.940252540035,5.0,785,2025.07.02
402.3872089657868,93.75780232303445,17.883876966267373,603.3990873046017,786,2025.08.10
73919.87684289059,33944.07701616166,403.00119515123424,109.31908907278974,787,2025.09.03
1402.2093545198288,346.83729632516736,8.366552725851543,460.561666576212,788,2025.08.20
2404636.03932962,37248.98609767067,697.1198506523255,181.18305465975425,789,2025.09.19
7890.8503968822715,29.7648844081576,1133.9061618445664,609.1390256568361,790,2025.08.13
5479932.298385311,17922.33722205125,4892.325075791703,43.95352099499787,791,2025.07.05
10205239.563166058,272209.0946886356,206657.7713521017,11.584135441297038,792,2025.08.30
150993.93938750384,1004.7505233584229,3.2943732632905336,176.69407783198875,793,2025.09.17
2275.864402403247,139.80653772162916,5.0,3.0,794,2025.08.09
7802.631903742157,2545.1540161550447,275.3120594178311,98.33692160688899,795,2025.06.28
4939018.080429765,129716.17199750806,306760.94284088555,44.92355279328852,796,2025.08.19
1597033.9978624857,174519.58329715644,464380.77972663124,818.7062707789952,797,2025.08.28
2589839.5291651348,28762.112191021944,878868.0051447261,290.03526370106215,798,2025.07.10
10663088.944585336,243026.80666477056,340648.6507740247,66.34654838166955,799,2025.08.21
9454389.08965034,501927.04588072374,1405784.8630386665,158.11572560023595,800,2025.08.12
372.3925342015763,4.277976236576125,14.129460221953732,7248.639648391878,801,2025.09.16
9055.425623404579,240.17700763994696,80.40211112232609,504.0633832588312,802,2025.08.24
24766.96691645052,10560.381071493019,131.96635657644524,96.19012787417628,803,2025.09.25
19749600.0,469400.5335174209,1772534.7867872675,760.1269107512597,804,2025.07.16
653670.5852092181,1000897.8581744682,6048074.995395441,8000.0,805,2025.08.21
666483.3994734149,1376187.7087008373,1096859.8932878836,110.69595366498054,806,2025.07.19
4486706.67032297,581965.453801162,395068.1472546374,148.29546861155455,807,2025.09.01
23593.376706594077,41010.2084837872,14895.049510875966,85.85532098352074,808,2025.09.18
2447.5283834412658,326.213737679474,87.34852277300628,353.8515708650252,809,2025.07.31
108.64456539349054,365.2980033833407,4.0,86.93612473892752,810,2025.09.13
2747.890814748085,1905.883441913864,810.459767212759,347.96506352151346,811,2025.09.03
19071051.39840856,279471.69606508594,127798.64019611596,10.567248826719961,812,2025.08.27
19749600.0,498440.18351817096,3517365.1495064767,11.457695909140813,813,2025.08.25
4514.184341724284,15312.252598641302,18601.590524300766,264.36973212022735,814,2025.08.21
34.289267560726294,28.77256442847042,5.0,3.0668342762727576,815,2025.09.10
63133.53321427967,3253.2976532536936,7.58131693309115,4.0,816,2025.07.31
14496.941719396273,10467.887689181267,63.100577319289584,801.1547668783504,817,2025.08.07
1281.5342256096906,132.9208174487281,4.1195478842931825,387.5804814997129,818,2025.07.28
157.87400816557002,38.573994160479465,193.8905921197214,453.07710177275413,819,2025.07.08
5598.908832242913,7180.611757624315,9.25390346981801,639.8400061178414,820,2025.08.01
10627.72808967733,10053.640118743015,61453.683027608255,52.08474782589118,821,2025.08.23
57976.48232415767,1414.901400760788,1.0,8000.0,822,2025.07.28
152967.2093896354,169.0297466499623,11894.500859675209,109.82069818059095,823,2025.08.25
333690.53812292294,627025.9710364462,1617277.9676155783,997.5225152486406,824,2025.09.07
3011275.624156405,77601.0817883131,174416.8501542192,2.3819485641978724,825,2025.09.13
102690.1950015239,2972.2774649019993,629.6012464108125,53.86454439300127,826,2025.09.20
3044124.959430712,698181.8820172598,774417.13886346,352.8519896761724,827,2025.08.14
19749600.0,1174732.5604377938,3363910.5338488184,446.94759580791947,828,2025.08.09
518512.1519197806,17924.633050529574,2119.3407388937417,65.58168473079415,829,2025.06.30
19749600.0,317668.7638635937,8282231.649502115,5.368144913069585,830,2025.08.29
7971.929421517172,326.26819967625426,55.46305226133157,213.57536424804766,831,2025.08.07
15728737.621412015,1521600.0,2820811.485627527,291.23201551889645,832,2025.07.20
44052.10602735902,58097.76284523657,32.375414246814245,9.442205151432756,833,2025.08.28
40903.891896222965,12964.307324710297,227.61475627831328,1230.2176273476625,834,2025.07.24
4418944.709450004,41032.26331562472,1108.9468078924126,5.0,835,2025.08.11
4614921.385874996,103449.55928960323,86806.26398656599,39.343802507787196,836,2025.07.30
11914.446682142343,1972.5448208907337,4103.363830333585,537.7001581974012,837,2025.08.09
1574879.545054716,24067.19948950099,13583.559712641545,7.964966471821153,838,2025.08.01
658.5758203579293,331.73205593603683,16.362721859841955,352.34150878259214,839,2025.09.11
157699.72068343396,3171.086609656324,56248.83826463423,14.339121591696331,840,2025.09.24
233816.19332827625,979.5263365112797,11908.768916030542,192.55881264895567,841,2025.08.01
15397.807682044207,933.7314469794029,74.33096751207995,255.2312422735195,842,2025.09.06
19749600.0,338841.757464991,951318.9185689962,112.42921742227934,843,2025.06.28
1134.11708602884,64.69114773627388,2.0,8000.0,844,2025.09.01
539.6376414400911,577.1738530698569,28.025945328864463,521.9488013047614,845,2025.07.21
72335.58022470321,6050.1080857334155,1603.0819073065934,268.92653147770795,846,2025.07.07
1950589.5777963793,68908.33380912834,431908.6940342665,201.6554533009014,847,2025.07.27
12361306.603401542,119062.45047020895,32540.06315596775,87.33373469093142,848,2025.08.18
109104.04365227227,10772.447311513884,805.6612536694124,8000.0,849,2025.08.28
1564172.6623463468,60813.78842775554,217549.51031681048,668.4600321664842,850,2025.09.06
17244.679629277573,83.92260764948789,17.667793623706068,8000.0,851,2025.07.27
4661.836980773097,768.7802261332627,1708.7208811399387,71.9143862971387,852,2025.09.23
19627.813649174957,3424.9657971317692,111.99048015933438,283.61260498775255,853,2025.08.26
9119814.8502696,307086.270472531,833041.566626589,198.128471997111,854,2025.09.17
3248.991451544117,2447.615664414324,448.4182971150834,6.785602412248638,855,2025.08.28
18470.75078223046,2959.612621803122,6371.995214822668,40.12559451623583,856,2025.08.23
19749600.0,1521600.0,891516.8183783048,11.829082928908694,857,2025.06.29
1863717.5505675795,10336.990287664526,30531.342672173432,41.7333280136753,858,2025.07.08
79961.05952800799,3913.080780641848,21.400726287387133,9.923481030298426,859,2025.08.03
19749600.0,61907.09744757708,2258746.632336367,3.655160909770422,860,2025.07.25
4960241.01823771,46282.01805848636,1328711.615012915,337.04002627612005,861,2025.08.17
2840.2096134366425,47.588288587242,354.27757911748665,282.5361417318096,862,2025.09.23
558.4133300116913,119.18556779645145,12.605572042108749,1055.7112952672237,863,2025.07.28
2833743.653513585,358444.5578692094,702881.7377604628,9.790399213184195,864,2025.08.05
1306777.237555711,82468.2165383709,2492.311881549573,2886.1985617165105,865,2025.09.19
7863947.465431788,133877.4809486535,354589.95341911307,11.722660154111846,866,2025.09.09
34697.0074273751,9700.258662155788,44.333655445007054,3.3972878080759568,867,2025.08.13
61395.69192389624,2584.219156345325,12659.890404569496,171.68726550582676,868,2025.08.26
19921.820575681388,892.4853383931847,312.5743415395121,48.08774743942123,869,2025.09.05
215251.75916378867,26279.70614965014,1048.8408225860364,5.594076038814221,870,2025.09.02
410515.769097011,26876.798270380346,11236.581294637348,8000.0,871,2025.08.10
8765.713282981169,1274.0585186098979,6.05343121195207,111.27045469115292,872,2025.08.20
19749600.0,666599.4092139999,6431269.14499759,165.9326836737073,873,2025.09.05
79087.34147392974,22383.756802399912,4880.38014642286,203.03141388873686,874,2025.08.08
43446.22683446403,5754.9773722226255,410.6224090974728,2.476985815856588,875,2025.08.11
1064814.4139530356,25770.906735361717,195504.9974888674,449.1183924539485,876,2025.09.24
807.9428350643041,376.13776150687556,371.7868917763439,58.88501248389024,877,2025.08.24
12577.015037923262,1432.0532272675277,4.0,96.54000805027782,878,2025.07.31
144498.78902165085,19431.06717448641,8165.492300779009,227.64053339655865,879,2025.08.05
1884.6717316039592,3857.9622041957114,1075.0821773046575,247.02174912653186,880,2025.07.29
1113.8384087052832,1371.993377912759,472.49878901171667,49.472955442793705,881,2025.07.26
2262286.109748371,109487.61321499222,110027.071726599,494.21721188560605,882,2025.07.12
181707.8385869586,7671.263194818225,1094.846883168157,11.962079206200588,883,2025.07.21
8007443.461597799,465583.59107316367,2566639.012194207,490.49664734484696,884,2025.08.06
28.476155905665205,3.91905575073795,3.045775443880826,853.7349652729228,885,2025.07.12
103927.30357089365,25702.914295122748,11231.56611186745,178.2610480312341,886,2025.09.03
371.6075250127159,95.71877032814588,7.964967666594225,5.132699850521518,887,2025.09.23
616567.2169641687,16908.837598324677,53212.48476429314,235.02549460559896,888,2025.07.20
3310402.163227571,337900.48436819325,513356.0186078366,7.182125737620478,889,2025.07.21
26376.05955371944,1951.7769651418964,47.048778757429915,158.07853806820032,890,2025.07.24
4364.856144413114,1174.1087299768526,31.26137593291581,74.43849098426391,891,2025.08.27
8725215.785532238,316043.9967158539,77382.31205825334,355.8549657784639,892,2025.08.01
6240.500065891875,63.32876368814708,297.8155343293699,5.0,893,2025.09.10
731291.4468958598,19370.6415045476,175062.79968662123,50.28337257512301,894,2025.09.02
633892.5200906028,10758.311597567412,5887.25295419821,303.4961112799416,895,2025.09.11
2348.0386826169997,127.72060972595068,12.72181036783526,5.020713854882488,896,2025.08.02
27159.926685522343,12892.609908059943,18241.466389704656,114.64790103436633,897,2025.07.09
62378.89643507806,4180.572044217371,3309.0796748556204,321.89861693494714,898,2025.07.21
1950492.878177279,17792.587451692085,276.50555615011905,475.2417642116856,899,2025.08.03
1841551.8289450787,19369.15597195171,652.023725847694,5.037407444750241,900,2025.07.26
1123547.4153255082,52092.75443169459,2855.0286599611773,563.8656929170293,901,2025.08.12
2594.6474325529402,595.777110044727,4844.366531592911,925.5127275812494,902,2025.07.19
129.47341748658883,33.8403140438633,1632.6877845025813,78.12364471434392,903,2025.08.04
12549366.459190914,79835.94492265671,247993.786244711,10.987483825047395,904,2025.06.28
335558.70843638113,205.97416399164229,53.47629442267524,17.058551775808592,905,2025.09.25
5436.544492464182,78.15891597185555,1008.4797146013088,78.16356815741602,906,2025.09.03
50727.231072081755,253.40638152759522,3418.550193691336,8000.0,907,2025.07.13
810185.600183482,25108.808509742696,30388.324808953155,33.39753913673245,908,2025.08.01
9923.093455910352,1984.8954614498414,274.147282522177,36.41522105448295,909,2025.07.02
19749600.0,1521600.0,8762400.0,4.0,910,2025.07.03
60766.55748579965,8952.652036781503,218199.35246916473,262.5343398100922,911,2025.09.05
66756.84345695435,10576.99795072701,356.29314286336023,137.3684989009587,912,2025.08.03
1840704.2781657537,148092.00008761024,33717.02773161109,383.765136959797,913,2025.09.24
643951.9087806718,96374.1710152633,23528.718552162536,5.037212217944996,914,2025.07.13
6419940.64970275,121135.06179335808,379460.2099381129,1673.8261810711385,915,2025.09.16
125968.50432825203,50438.55728044761,128.68962952101955,4.522797384397205,916,2025.08.28
596958.2927996902,70720.3276428745,3899.3810002888476,9.460756869429865,917,2025.07.10
20929.186785588015,202.0004028810113,257.13929295429944,55.247310786656726,918,2025.06.28
510525.2618534693,8042.509361637419,4692.163492709755,296.5378991819653,919,2025.09.08
11713.31646782694,4892.024233651564,2153.6597731652932,6.255773703977492,920,2025.08.02
7270939.258237791,150694.5558081461,18729.48139259296,249.30002891626583,921,2025.08.26
297357.14220048906,6114.963444411359,49713.62473681786,2.0584060290718793,922,2025.08.27
128004.86654417143,7393.688427036466,1468.452472312256,251.15423344927427,923,2025.08.22
6373783.558917318,60902.554194217875,430338.11331373075,680.3163145727177,924,2025.08.09
27685.505123442992,496.12587095714434,345.8251456210354,344.57021151813854,925,2025.07.20
99222.76895995416,615.3118036964651,12546.805904386489,8000.0,926,2025.07.03
8418043.242700726,39357.383316383624,10167.802189153701,552.9941063656557,927,2025.07.29
24.98373248022409,11.781400769896129,2.0,8000.0,928,2025.08.27
814851.8900166566,57420.30370745107,30164.60252981119,109.7927257685455,929,2025.07.11
498325.4876663494,44492.5914975457,32445.23812003103,481.29640020794574,930,2025.07.05
18619.502835373,41053.185562313556,60592.26967955422,56.24421053873772,931,2025.08.17
21597.269656219032,125723.50431868383,85321.33954135494,401.1481797365311,932,2025.08.28
624659.6551257722,1862.7120619542013,1126.6863779222888,65.7991021433689,933,2025.07.06
3297329.486551836,83102.98545542611,826685.2148225829,86.24173610055186,934,2025.09.08
5235717.046345415,63413.48362559471,31328.129972605122,98.93139332751227,935,2025.09.15
31992.019038516253,6350.763602171037,169.59464438108694,7.693539894400214,936,2025.09.22
15585751.692829056,164247.39021271162,549488.8908355044,96.9517343519811,937,2025.07.03
65055.8361309016,51550.83859021191,908.8941601340763,4.0,938,2025.07.16
138805.66493398417,3307.6202865894784,631.1231179516708,8.09072991934342,939,2025.07.16
152023.0509700916,17694.64699035934,32078.563888647972,206.37355551374694,940,2025.09.07
85663.75330167824,42121.05516592849,250590.266222624,5.0,941,2025.08.04
1335.8135831217696,501.6995622792565,92.34681560466022,36.212870805387546,942,2025.07.07
410834.27054332854,240155.4891261899,727139.429989521,419.22917783902625,943,2025.07.28
19749600.0,306724.67140523065,2082830.5291372116,89.21848750020516,944,2025.07.12
1160.8359759875934,14084.993528380728,91.95826741362706,17.514604097712112,945,2025.09.06
731806.9420605833,99193.28901493365,136952.11445214113,5.0,946,2025.08.19
7637.970778928277,1018.106340002981,46.74494485006631,3.0,947,2025.09.12
104741.99955444052,249.3763099123366,1910.1668091456766,5.342081483180981,948,2025.09.11
6823.6054020459205,2081.200849242478,12147.286470539524,314.70669088587096,949,2025.09.14
116347.42194660535,8.5185698815348,10.192161386360542,547.35745795423,950,2025.07.25
1015119.8196236441,7086.034535968948,267.63838639664567,196.6798332657245,951,2025.09.01
944.9393137311458,38.2068650400103,3.000906173727504,89.80109443695008,952,2025.08.14
161905.73071641685,12406.168130389873,4193.6961937003525,20.741858564787844,953,2025.08.23
1513.1856829978403,1383.5670258764121,597.7094626701426,327.84179174873645,954,2025.08.22
39612.357440213884,20787.39572949915,2128.338437138797,126.70817983101007,955,2025.08.04
12244448.575286124,304750.8566037336,497179.62924777134,470.46898003399565,956,2025.09.10
426723.99741766753,17984.506661548065,3056.31022872955,291.4357969201007,957,2025.08.20
33396.57431560104,1103.909425493819,1105.3955475860066,51.219658860582015,958,2025.08.05
62921.98227694282,66909.46126411596,24820.31071532486,112.53831518653328,959,2025.09.07
1469475.5205449956,411635.73465903965,29619.811241073177,550.50654467886,960,2025.09.14
19749600.0,471987.5716833598,2224866.3669444188,54.530665130257574,961,2025.07.04
2658.4083679547653,40.37115381798371,41.70609092595417,182.05154485939335,962,2025.09.13
1299171.6779574149,148917.37407686087,1254132.1035993663,184.6285292453839,963,2025.07.09
1107127.5741430356,10356.132357074459,53974.322380447775,8.16820268815283,964,2025.07.23
33325.307433937,109.78441771798316,1143.9765452286292,5.4901817687554875,965,2025.09.15
455.95203562867846,7.793764500508367,65.86015112776995,8000.0,966,2025.07.24
3262739.63511398,13207.4961935845,72994.11342881294,2.0842153808359,967,2025.07.30
812531.5435716944,135935.1653675705,915576.3176165539,388.01404949911847,968,2025.09.19
761416.6840986287,517345.280051688,434900.3398385933,146.05755979059805,969,2025.07.07
14924182.282369224,574276.0393936711,78468.6530454955,13.2743967092347,970,2025.07.17
3889202.3546999153,14774.837032081674,51536.08298667444,67.19048097862773,971,2025.07.27
131046.59336840379,48878.176897687845,123616.19644951342,1401.282978256334,972,2025.07.19
9320894.241823396,62734.259286588145,37239.49758492947,2.9136705893216983,973,2025.09.05
19749600.0,883724.0418573841,1143863.9644146287,118.17756207170856,974,2025.07.06
5979327.304135458,277610.49578396283,980886.1266473825,233.1569679083291,975,2025.07.17
119.24513370858242,22.169066339223846,25.285319940653974,8000.0,976,2025.06.27
5395861.820088012,602786.2025866361,4414831.683612324,3.0,977,2025.08.18
20968.853865114874,10411.113839974825,12116.918901215227,10.479437917597474,978,2025.08.23
428665.5935109169,97294.92035920905,21378.83511482046,77.5289449578767,979,2025.09.23
120377.02301040704,33484.49044067588,47021.63883775187,233.65374761321124,980,2025.09.11
19749600.0,1222433.7277082657,3308066.790487607,83.84898689028124,981,2025.08.26
114267.820086986,47962.03205480121,11580.46388832621,216.39355532791723,982,2025.08.03
180519.06103814126,12378.551441635467,36499.64971255943,140.1888224755673,983,2025.07.01
26986.669587154087,82037.701887483,132.51179613549323,11.28836365096483,984,2025.07.26
18769.67430276601,1157.9790586627953,49.247509653892344,10.72848472358858,985,2025.08.02
625.9645037025055,193.86711230705734,9.698305139368214,251.94395862490381,986,2025.09.25
818.2423200490788,272.85511826947516,48.522828505709754,420.9322018693215,987,2025.08.02
979852.4928016404,6448.352810024191,1631153.3294583398,188.46595693662408,988,2025.09.24
8453.594571678776,5040.2181890545435,190.16562181684887,5.0,989,2025.08.24
85751.60938900476,4822.538500318579,1193.8546153184232,225.6457224696552,990,2025.07.06
554627.1238225967,44380.63195588795,165533.23491246783,2.0,991,2025.09.22
4552.400063322471,4285.430585849594,104.7145742582253,7.945391898076194,992,2025.07.26
15891070.191368926,431454.0721646621,4925144.65784505,166.35181199248612,993,2025.07.30
128363.29217749205,6118.742352673037,10.710320493097607,5.506463194973659,994,2025.09.15
1384663.831225467,186997.99133349993,48524.137900677866,187.129195489843,995,2025.09.10
78954.79567609847,10145.160887899947,233.9005534530477,8000.0,996,2025.09.19
94258.91132696872,16984.22641048454,39697.40418139892,8000.0,997,2025.07.22
81.24753487300936,3.0,14.830291592510537,2.3935835136143138,998,2025.08.20
232800.05853209912,8051.162742038766,3735.195487247492,5.0,999,2025.07.11
315810.5079915812,95257.30089393847,2215.9890685658033,11.549118041848471,1000,2025.09.04
