index,likes,publish_time,favorites,reposts,duration
1,1117,· 2天前,199,94,13:31
2,5178,· 9月15日,2920,114,00:00
3,1.1万,· 5天前,1.2万,887,57:41
4,244,· 1天前,117,37,04:36
5,16.4万,· 1天前,5238,5842,13:18
6,10.3万,· 6天前,6630,1.1万,00:15
7,2837,· 8月18日,273,36,09:11
8,2.1万,· 1天前,3377,2497,03:17
9,42.7万,· 9月8日,23.5万,7.4万,09:32:38
10,510,· 5天前,76,39,00:06
11,132.7万,· 2天前,5.4万,19.4万,15:42
12,82.7万,· 17小时前,2.6万,23.5万,00:16
13,853,· 7月24日,272,86,14:28
14,502,· 16小时前,158,38,03:33
15,5.8万,· 9月7日,7415,5539,19:30
16,4334,· 9月13日,1079,670,04:05
17,722,· 7月13日,357,75,10:37
18,2.6万,· 8月11日,1723,371,00:10
19,26.4万,· 1周前,2.3万,1.5万,15:51
20,2422,· 5天前,561,40,00:05
21,42.7万,· 8月19日,6.6万,4.2万,17:39
22,786,· 6天前,140,6,04:58
23,21.1万,· 9月11日,3.8万,5.7万,26:46
24,229.7万,· 3天前,12.5万,70.6万,00:09
25,926,· 8月31日,124,281,12:11
26,167.8万,· 4天前,8.7万,17.5万,00:11
27,8339,· 9月9日,831,293,07:54
28,9056,· 9月2日,677,104,03:59
29,22.5万,· 16小时前,9970,7196,07:55
30,3.0万,· 9月8日,1.4万,466,09:40:54
31,16.7万,· 8月27日,4.8万,3.6万,21:22
32,2.1万,· 16小时前,533,39,00:05
33,8469,· 9月12日,3626,1465,01:30:33
34,24.5万,· 1天前,7185,6531,02:41
35,1.4万,· 8月25日,1.6万,2327,21:49
36,5298,· 9月13日,458,113,00:11
37,4.2万,· 5小时前,3272,2738,24:09
38,1.9万,· 9月14日,1.1万,273,10:54:44
39,25.1万,· 7月12日,2.5万,5688,06:49
40,3.7万,· 9月10日,2786,1.3万,00:09
41,211.1万,· 5天前,7.3万,56.4万,00:05
42,61.8万,· 1天前,3.0万,9.3万,07:23
43,1.1万,· 9月2日,1633,1826,00:07
44,9835,· 9月15日,5886,771,09:56:17
45,1285,· 7月19日,1069,299,05:54
46,167.2万,· 8月17日,6.2万,16.9万,00:08
47,126,· 9月10日,72,9,35:54
48,267,· 9月1日,136,109,16:26
49,1.0万,· 9月16日,1361,1557,00:05
50,1.3万,· 14小时前,7887,5078,05:50
51,8369,· 1天前,2486,1004,16:32
52,1276,· 9月16日,71,15,00:05
53,3243,· 9月7日,1705,162,09:47:04
54,68,· 3天前,14,4,00:05
55,5680,· 9月3日,8312,1405,28:24
56,905,· 2天前,673,239,04:01
57,17.5万,· 5天前,8.3万,2.0万,16:57
58,13.9万,· 9月2日,8.7万,6.7万,02:46
59,6377,· 9月7日,1.3万,3428,11:57
60,3.5万,· 8月14日,3062,2.9万,00:07
61,8.5万,· 17小时前,1.2万,3881,20:19
62,4725,· 8月10日,742,219,03:58
63,1.4万,· 9月13日,9247,398,05:57
64,2909,· 1周前,44,1,00:05
65,50.8万,· 2天前,2.3万,2.2万,06:12
66,1.2万,· 9月11日,5670,186,09:56:31
67,36.1万,· 8月25日,37.5万,5.5万,46:55
68,56.5万,· 3天前,2.1万,2.8万,00:08
69,34.7万,· 1天前,3.4万,1.6万,13:02
70,157.7万,· 9月16日,5.0万,14.9万,01:52
71,8334,· 18小时前,1058,142,08:24
72,5853,· 9月16日,766,55,02:58
73,49.1万,· 5天前,26.6万,7.5万,07:46
74,1.2万,· 9月3日,4094,1.4万,00:05
75,2274,· 3天前,634,63,28:47
76,849.9万,· 7月30日,107.6万,370.5万,03:12
77,6.2万,· 6月27日,8.1万,2.6万,29:18
78,133.6万,· 9月10日,18.9万,10.5万,00:16
79,16.8万,· 8月29日,5.1万,9590,28:20
80,20.9万,· 4天前,1.3万,1.1万,00:21
81,641,· 15小时前,228,68,17:21
82,40.7万,· 2天前,8157,8010,01:10
83,152.1万,· 9月12日,21.1万,19.5万,38:55
84,5.2万,· 7月3日,2.4万,1700,04:23
85,5174,· 8月23日,4172,315,10:00:00
86,10.3万,· 21小时前,1874,2639,00:09
87,146.7万,· 8月20日,27.3万,14.3万,16:29
88,9.2万,· 2天前,5153,2206,00:06
89,1074.2万,· 8月19日,33.7万,138.6万,09:36
90,13.3万,· 9月12日,2186,2.4万,00:05
91,11.3万,· 9月3日,6467,196,19:42
92,100.2万,· 1天前,2.8万,27.7万,00:07
93,5561,· 8月19日,2316,136,58:04
94,1540,· 9月4日,71,633,00:05
95,1.6万,· 9月13日,201,40,00:05
96,2.4万,· 9月10日,7602,3812,10:36
97,1772,· 3天前,31,7,00:05
98,11.4万,· 6天前,9910,1.2万,14:23
99,2668,· 8月9日,381,76,14:05
100,7041,· 1天前,965,358,04:01
101,32.4万,· 5天前,2.1万,7335,00:05
102,12.0万,· 1天前,1.6万,9761,10:37
103,15.5万,· 3天前,1.7万,9.7万,03:39
104,1.4万,· 8月14日,1236,73,14:11
105,4036,· 8月29日,985,627,03:05
106,2.1万,· 6天前,2.0万,1786,16:44
107,491,· 9月5日,194,86,00:08
108,2.9万,· 8月12日,3713,663,20:35
109,2741,· 9月2日,707,57,00:07
110,34.2万,· 17小时前,1.1万,4.3万,06:52
111,13.3万,· 1周前,5.8万,3.0万,13:29
112,905,· 5天前,19,3,00:08
113,6.3万,· 8月22日,5669,1166,20:39
114,49.2万,· 1天前,1.7万,4.1万,00:18
115,1.9万,· 16小时前,996,569,23:59
116,56.8万,· 7月31日,7.0万,14.6万,22:54
117,78.2万,· 7月6日,5.7万,24.9万,00:09
118,4721,· 9月12日,2144,159,34:33
119,4.2万,· 8月29日,1532,1.8万,00:05
120,75.9万,· 8月12日,6.5万,15.5万,36:26
121,10.4万,· 1天前,2522,3.2万,00:12
122,7621,· 6天前,6235,738,09:44:10
123,736,· 5天前,24,5,00:07
124,4.1万,· 4天前,3880,2947,19:44
125,36.8万,· 9月7日,1.1万,15.0万,00:05
126,28.2万,· 4天前,1.6万,6.7万,17:15
127,18.2万,· 4天前,2.3万,3279,00:09
128,5052,· 9月14日,3754,214,09:59:21
129,20.4万,· 9月7日,8858,8217,00:06
130,1528,· 7月28日,564,775,15:50
131,21.2万,· 11小时前,7631,9222,00:22
132,11.9万,· 8月31日,6.8万,7.2万,05:51
133,2480,· 9月3日,113,18,00:11
134,1836,· 5天前,1374,64,07:16:23
135,117,· 2天前,21,3,02:58
136,127,· 2天前,29,2,07:29
137,579.8万,· 9月11日,36.8万,730.2万,04:46
138,8040,· 17小时前,1645,92,08:42
139,662,· 4天前,65,5,02:59
140,5759,· 1天前,3898,1208,46:39
141,13.4万,· 1天前,5093,5321,00:06
142,554.2万,· 4天前,18.9万,36.2万,00:31
143,233.0万,· 9月2日,28.1万,27.7万,14:02
144,2019,· 5天前,214,85,00:05
145,8.2万,· 9月13日,1.6万,7.5万,00:06
146,9.5万,· 3天前,9.8万,2.7万,10:27
147,12.4万,· 9月4日,2.0万,1.4万,00:05
148,13.1万,· 17小时前,1.7万,1.6万,13:30
149,8.1万,· 8月20日,2.0万,1.4万,00:07
150,1863,· 7月3日,996,681,18:39
151,1.0万,· 14小时前,1649,1658,00:05
152,1.0万,· 15小时前,1649,1658,00:05
153,18.2万,· 4天前,11.7万,6.3万,12:07
154,5.1万,· 7月1日,7803,3531,00:05
155,5821,· 7月6日,1132,174,19:21
156,915,· 8月19日,194,18,00:05
157,1609,· 3天前,347,136,16:37
158,3.8万,· 7月28日,1306,2919,00:12
159,412,· 10小时前,76,4,20:29
160,1844,· 7月6日,133,6,00:07
161,222,· 9月10日,147,32,20:20
162,7598,· 9月8日,917,1701,00:05
163,2919,· 4天前,1327,246,18:39
164,3.2万,· 8月31日,2.4万,5900,28:05
165,1678,· 19小时前,1013,134,13:27:01
166,4926,· 7月6日,3028,1361,05:29
167,8324,· 7月4日,1568,522,00:05
168,5.1万,· 4天前,3.4万,8859,11:53
169,45.2万,· 18小时前,2.7万,18.4万,02:06
170,215,· 1天前,61,分享,27:16
171,3858,· 9月11日,2313,83,09:39:18
172,2.5万,· 6月28日,2.1万,3557,24:10
173,5362,· 1周前,1351,1001,02:01
174,1120,· 3天前,95,27,18:50
175,441,· 7月18日,80,16,02:58
176,1737,· 9月5日,1068,31,24:46
177,56.2万,· 3天前,3.0万,9.5万,00:11
178,384,· 1周前,288,19,01:01:55
179,1545,· 9月17日,26,3,00:15
180,557,· 9月9日,410,114,27:55
181,238.9万,· 9月6日,34.2万,39.3万,00:06
182,19.1万,· 8月24日,3.7万,1.6万,34:14
183,3.3万,· 9月13日,2.0万,1.4万,03:01
184,3612,· 9月2日,2101,902,16:45
185,2.5万,· 9月7日,5.2万,2.3万,00:05
186,5402,· 8月15日,4835,1694,06:28
187,1.8万,· 9月1日,9880,210,09:52:19
188,9.5万,· 8月29日,7.9万,5.7万,23:05
189,1.0万,· 9月4日,2505,2139,04:33
190,2.0万,· 8月21日,3978,4818,12:26
191,11.2万,· 7月5日,1.9万,9224,00:35
192,197.4万,· 7月12日,30.4万,26.6万,15:39
193,6853,· 2天前,4741,200,08:26:13
194,29.1万,· 8月11日,3.5万,1.3万,18:23
195,1.4万,· 7月30日,4904,1979,04:36
196,2.6万,· 5天前,3887,1419,15:19
197,52.7万,· 8月8日,14.4万,21.8万,04:38
198,9439,· 7月21日,2378,498,12:27
199,3982,· 8月14日,3340,469,09:36
200,4.2万,· 7月26日,1.0万,1898,04:25
201,5.6万,· 7月28日,5.6万,1.2万,18:23
202,4131,· 8月27日,2748,4882,03:00
203,26.3万,· 8月22日,18.8万,6.0万,10:58
204,4323,· 9月9日,3459,354,28:32
205,1.5万,· 8月17日,4397,3315,03:53
206,2.7万,· 8月17日,1.5万,3909,11:38
207,1.8万,· 9月4日,1.4万,6367,01:00
208,2912,· 4天前,1773,314,20:09
209,17.8万,· 7月14日,7.7万,3.9万,04:50
210,5575,· 7月18日,6793,815,15:47
211,1.0万,· 8月17日,5496,3182,03:39
212,166,· 1天前,172,54,30:23
213,1367,· 7月6日,161,41,00:33
214,19.3万,· 7月8日,8.8万,3.3万,25:36
215,2.0万,· 2天前,2991,1321,03:08
216,27.5万,· 7月29日,17.0万,3.9万,37:58
217,128,· 3天前,78,12,30:06
218,123.9万,· 7月16日,69.3万,19.2万,10:42
219,4454,· 9月15日,1197,1075,04:27
220,9421,· 8月6日,1.1万,2370,30:11
221,5.5万,· 8月25日,3.5万,1.0万,35:18
222,9741,· 7月9日,7742,2475,29:09
223,5539,· 7月18日,3965,785,09:53
224,109.0万,· 7月26日,34.1万,15.9万,22:29
225,4.9万,· 9月16日,4425,3074,03:05
226,3.7万,· 9月3日,1.3万,1.0万,08:33
227,17.7万,· 7月28日,2.9万,1.6万,21:57
228,1.2万,· 8月6日,1.3万,1980,59:40
229,1.4万,· 6天前,9526,3627,02:09
230,6886,· 8月17日,6883,4481,08:58
231,2.2万,· 8月22日,2.0万,1.3万,03:29
232,2.0万,· 3天前,1.9万,1.4万,08:58
233,56.1万,· 8月31日,4.3万,2.0万,00:57
234,5654,· 7月28日,3237,1351,23:50
235,2981,· 2天前,4292,952,04:27
236,1.3万,· 7月17日,6230,1846,08:21
237,1086,· 5天前,1117,55,09:58:45
238,62.6万,· 4小时前,2.6万,2.1万,01:40
239,2763,· 2天前,1373,363,07:00
240,4785,· 7月28日,5226,1558,27:48
241,321,· 7月30日,174,92,03:42
242,3.2万,· 8月30日,6337,1.0万,11:57
243,1072,· 16小时前,482,115,02:36
244,4478,· 7月6日,5533,2024,28:04
245,1218,· 9月13日,878,204,03:57
246,417,· 3天前,117,15,13:35
247,1.9万,· 8月5日,1.6万,2687,05:00
248,2251,· 9月16日,2189,572,07:53
249,6412,· 9月15日,3898,67,09:11:38
250,6.9万,· 8月4日,2.6万,6331,39:06
251,4777,· 9月16日,2986,1829,00:05
252,4222,· 1周前,3519,922,03:11
253,4192,· 8月17日,1197,148,22:51
254,4668,· 9月10日,2197,1449,00:29
255,15.7万,· 8月27日,3.5万,7347,12:44
256,79.0万,· 2天前,5.1万,5.8万,00:12
257,3.0万,· 9月15日,3.2万,1.9万,21:28
258,5052,· 9月8日,979,525,19:05
259,819,· 9月7日,309,121,01:48
260,1.4万,· 9月12日,1.0万,9298,06:37
261,53.5万,· 1天前,8737,2.3万,00:17
262,543,· 1天前,709,83,52:13
263,16.7万,· 8月28日,9523,3.4万,01:35
264,485,· 1天前,476,45,59:33
265,4854,· 9月17日,2791,1269,00:48
266,11.5万,· 7月9日,5.0万,6.5万,07:09
267,7880,· 9月11日,1.3万,3060,05:31
268,112.7万,· 4天前,10.9万,14.2万,08:46
269,1098,· 4天前,1084,94,20:03
270,2.4万,· 9月7日,1.7万,1.7万,02:58
271,1920,· 7月12日,1005,338,13:10
272,1356,· 9月14日,111,26,00:05
273,3926,· 7月28日,3351,173,16:44
274,26.5万,· 1天前,2.0万,1.1万,01:37
275,2722,· 7月19日,729,195,11:15
276,450,· 9月13日,69,33,00:40
277,842,· 19小时前,1050,201,55:43
278,526,· 17小时前,618,262,00:06
279,27.7万,· 9月15日,4.7万,2.6万,16:14
280,783,· 5天前,102,4,00:05
281,18.4万,· 8月10日,2.0万,3.5万,15:58
282,4476,· 9月16日,329,15,00:09
283,3.1万,· 8月2日,2.5万,1.3万,10:29
284,1.3万,· 6月28日,3543,1639,03:41
285,4165,· 8月8日,3629,322,27:29
286,896,· 1周前,92,18,03:58
287,8.3万,· 12小时前,7998,2.9万,03:07
288,214.6万,· 7月18日,17.8万,14.5万,27:24
289,595.1万,· 2天前,34.1万,82.3万,00:08
290,787,· 9月9日,161,20,00:05
291,5.4万,· 9月10日,5318,1.2万,10:01
292,66.5万,· 2天前,4.5万,2.9万,00:07
293,3.1万,· 8月13日,1.8万,889,08:30:39
294,3020,· 7月29日,1688,833,04:06
295,2.3万,· 8月26日,3.2万,1.1万,17:56
296,21.2万,· 8月30日,7.5万,3.7万,00:44
297,6.6万,· 18小时前,3141,7809,30:49
298,152.1万,· 1周前,5.2万,14.0万,03:23
299,2003,· 5天前,663,113,13:08
300,8.2万,· 9月1日,5445,2.1万,00:07
301,5.2万,· 2天前,3077,3351,05:31
302,9596,· 9月16日,1266,3978,00:06
303,235,· 2天前,23,15,10:36
304,4173,· 9月7日,2692,88,09:40:42
305,13.5万,· 4天前,8441,1.4万,00:10
306,48.4万,· 7月18日,5.6万,5.2万,22:44
307,237.9万,· 3天前,13.0万,66.6万,00:12
308,72.0万,· 7月7日,8.4万,3.1万,07:41
309,3523,· 9月9日,220,112,00:05
310,308.3万,· 8月2日,15.7万,65.1万,12:58
311,2115,· 2天前,279,364,10:26
312,2816,· 9月14日,339,53,00:09
313,3.5万,· 6月27日,4.4万,1.5万,21:04
314,3.0万,· 4天前,6387,5539,00:05
315,3222,· 9月13日,3427,383,39:06
316,2.5万,· 2天前,5557,1599,00:52
317,30.0万,· 1天前,2.0万,7.1万,00:11
318,3.9万,· 7月19日,5.4万,1.3万,23:30
319,6021,· 9月16日,2533,1004,00:48
320,1.2万,· 9月15日,6965,504,09:29:33
321,15.8万,· 7月3日,3.9万,7650,08:56
322,1.7万,· 8月5日,1.6万,8483,01:12
323,10.7万,· 1周前,7.9万,3.1万,19:50
324,5.5万,· 7月28日,1.3万,7435,01:27
325,2.1万,· 2天前,1.4万,7257,05:36
326,1000,· 1周前,86,4,00:11
327,2332,· 6天前,1243,341,09:03:36
328,1.8万,· 8月27日,1.2万,5035,00:07
329,6507,· 8月27日,2724,937,15:43
330,520,· 2天前,209,70,02:45
331,2067,· 17小时前,806,710,08:55
332,1310,· 9月3日,154,33,00:16
333,3.0万,· 8月9日,2.2万,1999,28:55
334,268,· 8月31日,48,5,00:13
335,649,· 7月30日,231,24,15:03
336,2.6万,· 6月28日,1.8万,1.8万,02:30
337,1492,· 9月3日,878,213,27:43
338,2108,· 1天前,482,1001,00:17
339,8122,· 7月16日,3726,539,25:00
340,1.6万,· 9月15日,4620,967,00:05
341,3108,· 7月28日,1462,779,15:09
342,2286,· 7月24日,647,217,02:36
343,665,· 5天前,450,87,05:34
344,6.4万,· 6天前,3.5万,1.2万,00:21
345,3.0万,· 8月12日,6108,4046,04:20
346,1995,· 8月16日,1803,550,05:57
347,19.3万,· 7月14日,11.1万,2.7万,23:49
348,70.5万,· 5天前,3.0万,3.2万,00:09
349,6.9万,· 17小时前,2779,5363,23:36
350,15.2万,· 9月4日,2.1万,1.0万,33:46
351,1477,· 14小时前,1338,467,02:44
352,2437,· 9月11日,2417,737,40:01
353,1416,· 1周前,447,24,31:42
354,328,· 4天前,38,3,02:59
355,2862,· 8月18日,457,97,18:13
356,7550,· 9月14日,4212,105,08:05:38
357,9.9万,· 2天前,1.6万,2262,11:43
358,857,· 8月19日,542,200,03:20
359,3579,· 7月28日,3088,422,59:47
360,51.6万,· 2天前,2.9万,3.4万,03:08
361,2075,· 7月15日,4397,991,30:13
362,7.9万,· 4天前,2.2万,1.6万,04:51
363,189,· 16小时前,85,9,09:52
364,9961,· 9月16日,6122,191,09:09:09
365,4.0万,· 8月12日,2.7万,5419,04:34
366,6321,· 9月10日,1628,1120,12:17
367,12.7万,· 19小时前,1.0万,3.3万,00:14
368,133.3万,· 9月13日,5.5万,4.9万,17:36
369,834,· 8月29日,296,85,02:11
370,31.1万,· 3天前,3.3万,1.1万,14:25
371,4.9万,· 7月28日,6.0万,4964,02:08:19
372,22.4万,· 1周前,5.8万,2.8万,00:08
373,53.7万,· 4天前,4.5万,2.7万,15:12
374,3254,· 7月11日,1066,48,15:01
375,214.6万,· 7月6日,16.2万,210.8万,03:57
376,302.8万,· 7月7日,12.1万,28.4万,09:46
377,6556,· 17小时前,3252,1546,10:41
378,19.0万,· 3天前,2.6万,2.7万,01:02
379,11.8万,· 1天前,4866,3743,09:59
380,3233,· 1天前,2717,139,07:36:33
381,2290,· 9月8日,889,5,24:29
382,8.4万,· 2天前,2064,15.8万,00:06
383,5.6万,· 7月26日,6262,2102,10:25
384,515,· 6天前,608,170,12:10
385,28.5万,· 7月17日,6.9万,7.7万,15:12
386,3954,· 8月28日,371,286,00:08
387,130.2万,· 5天前,4.6万,30.8万,00:05
388,1.7万,· 10小时前,5607,3674,06:30
389,1031,· 7月5日,573,168,18:59
390,2.8万,· 8月20日,1.1万,7981,01:11
391,76.8万,· 1天前,5.1万,6.4万,06:43
392,3.6万,· 7月14日,2.2万,8385,03:49
393,1.4万,· 1天前,2447,164,05:50
394,242,· 23小时前,86,153,04:28
395,49.2万,· 7月13日,44.0万,10.6万,31:48
396,8181,· 8月20日,1446,107,04:44
397,177.2万,· 9月7日,6.1万,8.9万,14:51
398,1.1万,· 8月23日,5881,3523,03:19
399,2.5万,· 8月28日,1.8万,2569,01:58:21
400,33.0万,· 21小时前,6138,1.3万,00:18
401,21.7万,· 7月9日,11.9万,20.3万,15:12
402,8659,· 6天前,3908,2242,04:45
403,1.5万,· 5天前,7147,1.8万,05:15
404,2.8万,· 9月11日,3662,2154,03:42
405,4647,· 4天前,2970,91,00:00
406,4.1万,· 9月5日,2.4万,1.3万,00:45
407,2.1万,· 7月16日,2.7万,3291,08:59
408,6889,· 18小时前,6768,1591,04:46
409,3.1万,· 7月18日,8471,3454,04:49
410,942,· 1天前,368,61,20:44
411,3.7万,· 9月2日,1.1万,1.4万,03:59
412,4.0万,· 8月4日,9239,2031,05:05
413,237,· 6月27日,98,33,13:06
414,6600,· 6天前,4052,81,09:58:45
415,7860,· 7月12日,9684,2493,33:57
416,18.8万,· 5天前,8.2万,9.3万,03:40
417,81,· 3天前,14,6,09:47
418,7601,· 3天前,4252,405,00:45
419,164,· 4天前,28,1,11:10
420,27.0万,· 1天前,1.8万,1.3万,00:13
421,202.3万,· 9月8日,5.3万,39.0万,00:06
422,5003,· 6天前,4298,231,09:21:23
423,23.5万,· 5天前,3.9万,9.4万,00:06
424,91,· 3天前,77,23,31:31
425,688,· 7月6日,341,237,19:46
426,30.2万,· 4天前,1.6万,1.9万,00:15
427,97.3万,· 8月30日,5.3万,17.3万,00:07
428,2088,· 4天前,1883,53,07:02:42
429,1.7万,· 4天前,2692,466,00:05
430,9.1万,· 6月30日,1.8万,8196,50:06
431,263.5万,· 7月1日,29.5万,54.8万,00:15
432,82.6万,· 4天前,4.1万,12.5万,00:09
433,5895,· 7月5日,1435,1562,05:11
434,1054,· 2天前,73,11,00:05
435,160.9万,· 7月11日,85.9万,45.5万,07:16
436,2695,· 22小时前,1578,357,09:14:15
437,30.7万,· 9月1日,2.3万,23.5万,00:06
438,5.2万,· 2天前,2.3万,4781,24:06
439,258,· 1天前,73,52,00:17
440,6270,· 7月13日,2854,1213,07:50
441,2189,· 4天前,21,2,00:05
442,3544,· 9月14日,1487,851,09:58:51
443,2312,· 16小时前,864,1706,00:49
444,276,· 1天前,137,16,11:11
445,14.6万,· 8月14日,5.7万,2.7万,00:37
446,1.0万,· 8月27日,2.4万,1.1万,12:02
447,1.2万,· 7月22日,7096,8113,02:03
448,5099,· 9月10日,3462,132,09:09:19
449,53.1万,· 8月1日,2.9万,2.9万,00:46
450,9.9万,· 7月12日,6.7万,1.9万,01:06:05
451,5357,· 1天前,4155,2593,02:09
452,5.7万,· 19小时前,2264,1431,20:15
453,2.9万,· 6天前,3.6万,1.0万,02:00
454,3183,· 9月6日,270,80,35:11
455,6.0万,· 7月18日,7222,1.7万,02:45
456,1.9万,· 2天前,762,1851,00:05
457,4494,· 7月9日,1442,53,17:29
458,1.6万,· 1周前,8852,344,09:49:13
459,21.6万,· 1天前,2085,217,00:05
460,6627,· 8月28日,2964,3149,14:00
461,5326,· 14小时前,599,1369,00:11
462,13.3万,· 1天前,4984,3099,17:15
463,3076,· 8月28日,965,760,09:56:35
464,18.0万,· 11小时前,2831,2.7万,02:22
465,46.9万,· 9月11日,18.1万,11.9万,24:36
466,2117,· 9月6日,70,2,00:09
467,782,· 9月14日,64,1,00:05
468,312,· 3天前,20,4,00:05
469,1470,· 9月11日,1025,84,09:03:18
470,1.6万,· 6小时前,94,350,00:05
471,1539,· 5天前,573,70,18:11
472,8.3万,· 8月19日,3.5万,9470,26:36
473,3.9万,· 22小时前,1692,2596,00:24
474,11.5万,· 9月13日,6.7万,6.9万,08:27
475,11.2万,· 3天前,5.1万,2.7万,02:59:34
476,296.5万,· 2天前,7.8万,18.0万,00:32
477,4.8万,· 9月5日,1.1万,1446,11:05
478,3.2万,· 23小时前,4868,682,14:46
479,8941,· 10小时前,1659,3702,00:07
480,8.3万,· 8月22日,4.4万,6417,32:33
481,3199,· 4天前,744,66,00:11
482,1.8万,· 7月22日,8105,1831,19:42
483,15.3万,· 1天前,7518,1.6万,03:06
484,1658,· 5天前,1108,105,09:54:20
485,139.7万,· 8月28日,10.8万,6.2万,00:27
486,726,· 8月10日,384,62,17:22
487,9650,· 9月1日,1780,670,00:05
488,7.5万,· 7月24日,1.6万,2938,09:01
489,612,· 5天前,245,54,00:05
490,2578,· 9月2日,2196,176,56:23
491,2131,· 9月5日,98,9,00:07
492,238,· 8月7日,185,14,31:43
493,1374,· 7月24日,742,734,03:16
494,914,· 9月16日,363,112,09:30:54
495,3410,· 1天前,81,2,00:06
496,4802,· 7月21日,4240,143,31:45
497,1448,· 8月5日,940,401,04:26
498,1257,· 1周前,1444,482,22:52
499,1990,· 9月16日,1583,138,09:07:40
500,2.6万,· 4天前,768,149,00:07
501,1.5万,· 9月5日,1274,262,00:08
502,4699,· 1天前,2583,893,57:00
503,10.2万,· 8月29日,8114,2635,00:05
504,2193,· 7月28日,417,30,18:46
505,3.9万,· 9月15日,2.0万,657,07:04:43
506,81.0万,· 5天前,2.6万,156.8万,00:05
507,9.7万,· 8月8日,5.7万,3.0万,08:46
508,1.1万,· 8月14日,3076,3741,00:25
509,1805,· 9月15日,498,15,00:06
510,1405,· 7月15日,439,254,15:42
511,1.6万,· 6天前,1.1万,607,12:59:00
512,8.8万,· 8月21日,8.7万,1.1万,00:06
513,3.2万,· 4天前,2430,1991,05:54
514,147.2万,· 9月9日,11.3万,24.5万,00:09
515,6.2万,· 1周前,1469,1712,00:15
516,2.8万,· 8月7日,2572,328,08:07
517,979,· 9月11日,64,13,00:05
518,91.7万,· 7月26日,35.8万,29.2万,02:59:15
519,743,· 9月14日,577,79,39:57
520,1.2万,· 9月8日,3673,4365,00:06
521,598.5万,· 7月9日,32.6万,185.9万,09:14
522,27.9万,· 2天前,3.6万,7.1万,00:09
523,888,· 8月21日,311,90,20:00
524,5712,· 2天前,879,1275,00:05
525,6848,· 9月10日,4656,394,08:11:28
526,3229,· 7月15日,539,125,02:25
527,56.3万,· 1天前,1.8万,1.6万,02:58
528,337.5万,· 8月22日,44.9万,93.8万,20:52
529,9881,· 8月11日,4161,3286,11:18
530,7952,· 2天前,2696,1231,00:05
531,1683,· 9月11日,1432,56,08:29:37
532,160,· 1天前,149,29,10:58
533,5.5万,· 8月19日,2.9万,2.7万,04:43
534,1.5万,· 9月11日,4760,1790,05:44
535,37.4万,· 5天前,1.3万,7.2万,27:09
536,5.6万,· 9月7日,1.7万,2445,06:18
537,4747,· 8月20日,2868,1729,17:01
538,1777,· 9月14日,1774,52,09:25:55
539,3.2万,· 8月13日,2.5万,1.1万,01:48
540,32.0万,· 1天前,6.0万,1.1万,02:44
541,29.6万,· 18小时前,2.5万,9426,07:29
542,2.2万,· 7月15日,1.9万,2.1万,07:09
543,5975,· 8月27日,936,2372,00:05
544,799,· 3天前,587,64,08:14:39
545,25.6万,· 9月1日,10.1万,6.3万,00:07
546,4408,· 3天前,1555,585,54:21
547,3626,· 11小时前,456,7024,00:19
548,5.6万,· 8月10日,3.1万,2254,45:29
549,4.9万,· 9月10日,2079,1003,00:13
550,6428,· 8月30日,4168,75,09:32:28
551,368.7万,· 5天前,10.9万,31.8万,00:33
552,3.7万,· 8月8日,2.1万,7154,09:58
553,1.2万,· 9月3日,8175,3777,02:47
554,19.3万,· 9月7日,1.2万,3.8万,03:10
555,2688,· 22小时前,592,56,08:56
556,2571,· 8月30日,659,166,00:09
557,4235,· 9月15日,3125,447,06:39:52
558,11.0万,· 16小时前,1.9万,1910,02:28
559,9274,· 8月19日,1.5万,4416,09:50
560,7223,· 1天前,285,88,25:17
561,49.9万,· 23小时前,8150,14.5万,03:00
562,1079,· 9月8日,881,62,09:50:02
563,279.2万,· 4天前,8.8万,11.8万,00:15
564,7502,· 8月25日,9501,2232,09:55
565,6109,· 8月29日,1494,417,01:16
566,1248,· 9月15日,72,4,00:09
567,2.4万,· 2天前,3395,4270,13:06
568,1.2万,· 5天前,2719,2088,02:34
569,2.4万,· 5天前,1.4万,4721,08:36:43
570,33.1万,· 1天前,1.3万,23.1万,05:00
571,46.3万,· 4天前,1.2万,6.1万,02:04
572,1.2万,· 7月22日,2296,259,06:04
573,1.2万,· 9月14日,6905,622,00:10
574,10.2万,· 9月12日,5423,2067,04:00
575,1562,· 5天前,1199,130,09:26:30
576,3.1万,· 5天前,4284,346,04:20
577,16.0万,· 2天前,3.4万,2.8万,51:14
578,7845,· 4天前,1487,188,11:38
579,7245,· 1天前,1001,293,00:05
580,1124,· 8月28日,1098,249,30:00
581,42.9万,· 1周前,3.0万,13.4万,03:43
582,3457,· 8月24日,2361,384,08:50:28
583,5.1万,· 8月8日,1.8万,8486,08:30
584,12.3万,· 8月1日,8020,1.2万,05:02
585,8622,· 1天前,1342,9642,03:25
586,191,· 5天前,141,25,32:59
587,277,· 1天前,185,25,09:23:35
588,3.2万,· 15小时前,1061,7061,03:54
589,24.0万,· 8月4日,3.5万,1.3万,25:38
590,699,· 5天前,520,101,35:07
591,23.8万,· 19小时前,7117,3.4万,04:32
592,1.4万,· 9月14日,9219,1259,09:03:10
593,2.5万,· 18小时前,1644,1527,03:10
594,3587,· 9月10日,4462,246,24:02
595,15.8万,· 9月15日,2.2万,3.7万,02:49
596,1.6万,· 7月20日,6411,737,26:17
597,160,· 3天前,78,16,00:05
598,1549,· 9月10日,1125,43,08:38:04
599,2.9万,· 20小时前,1011,1.2万,00:05
600,668,· 9月7日,332,6,34:42
601,7.7万,· 9月2日,4.0万,5743,30:08
602,247.8万,· 8月1日,46.7万,53.0万,10:50
603,6436,· 8月19日,6361,124,09:57:49
604,242.0万,· 9月9日,17.0万,27.6万,00:11
605,8.8万,· 7月17日,1.6万,5077,26:03
606,281,· 8月24日,423,151,30:00
607,31.7万,· 3天前,6.4万,1.5万,01:44
608,935,· 15小时前,246,48,17:11
609,1520,· 18小时前,1172,85,07:36:33
610,2568,· 9月16日,868,122,59:52
611,2.2万,· 9月13日,7003,901,23:35
612,7.9万,· 18小时前,8139,1868,02:55
613,1482,· 4天前,881,37,00:00
614,6.7万,· 3天前,8821,812,11:46
615,12.0万,· 3天前,3.3万,1.1万,01:36:09
616,334.3万,· 7月26日,30.7万,47.8万,02:06
617,5.3万,· 19小时前,1382,981,09:59
618,2734,· 8月27日,2297,149,09:59:57
619,267.2万,· 9月1日,23.9万,42.8万,10:01
620,359,· 2天前,287,68,07:52
621,3722,· 2天前,2562,737,02:55
622,3.5万,· 7月8日,1.9万,950,01:00:00
623,24.9万,· 9小时前,3518,1.1万,02:04
624,3472,· 2天前,2485,78,09:38:28
625,14.0万,· 8月16日,8.0万,4.9万,06:38
626,1578,· 9月2日,874,32,39:20
627,53.6万,· 9月16日,6.6万,5.1万,03:13
628,4.9万,· 8月3日,1.9万,1.1万,07:46
629,113.0万,· 9月4日,126.8万,28.9万,00:19
630,1172,· 3天前,747,67,07:59:04
631,1452,· 9月13日,374,129,17:42
632,38.0万,· 2天前,1.1万,2.6万,00:12
633,5.1万,· 17小时前,4846,3361,00:22
634,1.8万,· 5天前,9417,1147,35:28
635,6229,· 8月18日,6861,195,09:13:14
636,126.9万,· 1天前,3.1万,14.2万,00:27
637,8.7万,· 9月3日,2.0万,7374,08:15
638,7.8万,· 4天前,3.8万,7273,59:50
639,18.7万,· 2天前,6370,26.2万,00:12
640,8891,· 9月9日,2892,1648,01:13
641,709,· 9月8日,480,29,08:42:20
642,20.4万,· 2天前,6245,12.0万,00:06
643,3.0万,· 4天前,5103,4682,30:03
644,2.3万,· 7月18日,3.7万,8206,28:41
645,3364,· 9月12日,2985,1902,04:25
646,1.7万,· 7月20日,1.3万,1040,59:52
647,17.7万,· 6天前,2.5万,4.4万,00:07
648,8611,· 7月20日,4063,1720,02:22:57
649,8.8万,· 2天前,1.4万,6783,11:15
650,1013,· 2天前,183,35,01:00:44
651,11.6万,· 5天前,6865,5310,00:16
652,2.0万,· 9月13日,1.6万,1.5万,08:01
653,2377,· 9月16日,1515,178,06:50:06
654,71.7万,· 1天前,8696,3.9万,00:09
655,50.0万,· 1天前,6.1万,4.6万,00:12
656,3.1万,· 7月28日,1.6万,6179,20:56
657,2813,· 9月10日,356,64,00:17
658,4.3万,· 9月11日,1.7万,2361,56:21
659,78.6万,· 2天前,4.7万,4.5万,00:11
660,1.2万,· 8月12日,1.4万,341,09:51:55
661,7049,· 1周前,3039,808,12:13
662,5.8万,· 2天前,4806,6240,36:57
663,730,· 18小时前,659,669,15:33
664,331,· 3天前,260,31,09:56:09
665,21.9万,· 4天前,1.2万,9.7万,03:06
666,25.1万,· 9月7日,5.3万,3.2万,10:54
667,3147,· 4天前,354,447,11:31
668,8.4万,· 4天前,1.8万,1465,04:36
669,3.6万,· 8月21日,1.1万,3502,10:51
670,1060,· 8月31日,473,12,04:34
671,9.6万,· 9月16日,11.4万,5.0万,11:43
672,32.5万,· 8月4日,13.7万,5.0万,05:05
673,4077,· 8月4日,3812,169,09:51:18
674,18.1万,· 7月11日,6.1万,5410,33:54
675,5370,· 9月10日,962,493,02:00
676,8.9万,· 2天前,6148,4.5万,05:34
677,3.2万,· 6天前,2.0万,7341,00:29
678,69.0万,· 2天前,4.0万,6.8万,05:16
679,3436,· 9月5日,2151,94,09:59:29
680,8641,· 8月1日,6257,265,21:53
681,3.6万,· 7月19日,1.2万,2.1万,03:32
682,1.8万,· 6月27日,2.2万,864,14:26
683,20.0万,· 3天前,2.0万,15.0万,03:49
684,2501,· 7月26日,2371,563,29:50
685,1.3万,· 9月16日,9229,235,07:28:58
686,1.8万,· 9月12日,7267,5543,15:41
687,374,· 1天前,118,21,04:55
688,3058,· 8月26日,2399,175,36:25
689,4.4万,· 1天前,1880,4190,03:56
690,5.7万,· 18小时前,1708,2.8万,02:48
691,5137,· 8月19日,4740,351,00:00
692,13.1万,· 7月5日,1.1万,13.1万,06:23
693,4507,· 9月6日,1153,367,00:56
694,15.1万,· 1天前,1.2万,2005,10:12
695,4.2万,· 4天前,3298,1.1万,00:08
696,6.5万,· 1天前,3047,5917,06:22
697,146.1万,· 3天前,4.6万,66.7万,00:24
698,2677,· 9月13日,1851,104,08:09:34
699,3.0万,· 9月16日,7403,9606,00:16
700,5256,· 1天前,461,163,16:50
701,92.3万,· 3天前,3.0万,5.8万,00:08
702,177.4万,· 7月22日,6.6万,20.2万,05:33
703,1.5万,· 8月4日,7657,4021,01:01
704,8969,· 8月18日,5400,170,09:59:15
705,29.2万,· 9月3日,4.4万,2.1万,00:23
706,1.4万,· 8小时前,1533,1756,09:14
707,175.1万,· 3天前,7.1万,25.2万,00:10
708,13.9万,· 9月14日,4.3万,1.6万,14:59
709,4827,· 1天前,3110,754,00:15
710,1.0万,· 19小时前,658,1951,05:05
711,3.6万,· 9月12日,4239,2697,00:07
712,3.5万,· 8月5日,2.2万,9543,14:36
713,3.0万,· 7月23日,4.0万,8893,00:08
714,154.0万,· 9月16日,5.2万,20.2万,09:10
715,190,· 4天前,34,4,00:05
716,4.8万,· 2天前,1.5万,7312,11:42
717,104.2万,· 5天前,5.4万,43.0万,00:09
718,12.8万,· 1天前,5841,1.9万,06:23
719,1.8万,· 8月27日,1.1万,9245,03:36
720,944,· 4天前,691,101,07:11:56
721,28.6万,· 3天前,2.8万,3.3万,00:05
722,2840,· 9月1日,1392,29,05:11
723,12.2万,· 8月7日,5656,7.2万,01:59
724,2.5万,· 9月16日,1.4万,5355,04:56
725,12.5万,· 8月26日,2.2万,4.8万,00:08
726,666,· 9月17日,457,43,09:59:07
727,73.1万,· 2天前,5.1万,15.2万,00:10
728,3851,· 9月11日,4155,2554,14:29
729,1.9万,· 9月12日,3006,1491,01:05:41
730,22.3万,· 16小时前,2158,3.9万,00:13
731,25.1万,· 8月27日,1.5万,6160,12:16
732,3.6万,· 1天前,4501,6931,06:51
733,4378,· 2天前,3283,233,09:45:26
734,19.5万,· 6天前,4398,4.0万,00:07
735,290,· 9月9日,164,89,07:22
736,17.9万,· 8月24日,4.9万,8.1万,01:03
737,1230,· 6月30日,403,76,15:48
738,267.3万,· 9月14日,14.2万,41.9万,00:11
739,1543,· 1天前,1062,63,06:38:07
740,2274,· 9月5日,152,715,00:09
741,20.7万,· 2天前,1.6万,15.5万,11:04
742,25.5万,· 9月12日,2.0万,4.6万,00:16
743,1346,· 5天前,162,45,15:19
744,28.7万,· 18小时前,2.1万,5.0万,01:50
745,646,· 1天前,556,34,09:41:08
746,9809,· 1天前,773,195,00:16
747,934,· 4天前,806,221,21:15
748,167.5万,· 2天前,8.0万,88.9万,00:13
749,25.9万,· 23小时前,2.9万,2.3万,08:25
750,17.9万,· 5天前,2.7万,7904,04:36
751,9234,· 8月31日,5518,736,08:36:43
752,13.7万,· 9月9日,1.6万,2.1万,06:25
753,729,· 7月6日,202,41,07:40
754,2.3万,· 9月16日,9899,6038,03:52
755,10.8万,· 9月8日,1.6万,1.5万,00:15
756,1412,· 4天前,419,16,00:11
757,1.8万,· 8月2日,7238,285,05:43
758,2353,· 5天前,2559,116,15:37:55
759,9456,· 8月27日,5289,2694,00:26
760,893,· 9月14日,205,77,19:24
761,5.5万,· 6月29日,3.7万,1369,38:47
762,5080,· 5天前,4307,625,01:04:55
763,19.3万,· 9月15日,1.6万,2.1万,23:13
764,6.9万,· 6天前,5433,2.8万,00:08
765,21.9万,· 8月30日,3.6万,6305,07:10
766,285.6万,· 9月13日,27.1万,25.8万,00:33
767,4018,· 9月16日,348,137,12:18
768,760,· 1天前,345,63,03:00
769,72.6万,· 8月22日,10.6万,2.7万,17:07
770,13.0万,· 8月7日,2.1万,2.2万,03:58
771,1.5万,· 8月27日,5384,655,28:48
772,70.2万,· 1周前,4.1万,15.0万,00:23
773,3.3万,· 18小时前,4668,1.8万,13:49
774,115.3万,· 9月9日,8.3万,20.2万,00:19
775,3.7万,· 4天前,9490,5070,01:51
776,12.0万,· 4天前,1688,7.8万,00:08
777,489,· 3天前,772,155,53:01
778,48.0万,· 9月10日,9.4万,5.7万,00:07
779,2445,· 9月13日,933,56,47:18
780,3.1万,· 3天前,8783,1.3万,00:05
781,1834,· 2天前,1427,127,09:58:52
782,24.6万,· 9月13日,3.9万,3.6万,00:13
783,2.5万,· 7月28日,1.7万,2033,46:24
784,13.7万,· 15小时前,4277,5.4万,00:12
785,24.8万,· 5天前,4.0万,3.1万,00:07
786,7.9万,· 2天前,8407,9055,00:19
787,4369,· 9月9日,1807,36,35:32
788,12.0万,· 9月3日,5.1万,3.5万,00:30
789,2.7万,· 9月8日,1.7万,5701,53:40
790,158.7万,· 4天前,7.3万,101.5万,00:14
791,2127,· 1天前,1220,373,09:58:45
792,3529,· 3天前,1815,1103,01:32
793,1.7万,· 8月24日,1.1万,578,32:41
794,1369,· 6天前,2069,1514,02:56
795,1265,· 1天前,1002,377,00:44
796,6.3万,· 6月27日,6176,2079,09:24
797,4.9万,· 3天前,1540,7612,00:07
798,720,· 1天前,461,53,08:10:29
799,5.6万,· 8月31日,8789,1.2万,03:47
800,284.8万,· 9月11日,18.9万,20.5万,09:36
801,23.8万,· 8月31日,1.1万,15.7万,00:11
802,7896,· 4天前,420,57,00:13
803,1755,· 3天前,5046,1843,59:46
804,2.1万,· 9月9日,2132,155,00:11
805,10.2万,· 8月20日,1.1万,2.6万,10:03
806,8.8万,· 4天前,2779,5605,00:06
807,2.6万,· 7月7日,1.4万,2.1万,06:49
808,38.0万,· 9月15日,1.8万,13.3万,00:07
809,1.2万,· 9月13日,832,346,07:01
810,110.7万,· 9月13日,10.3万,14.2万,00:12
811,31.2万,· 8月10日,14.2万,4.5万,01:32:26
812,3863,· 6月29日,163,1628,00:07
813,648,· 1周前,441,62,21:13
814,20.7万,· 19小时前,1.3万,1.2万,00:08
815,1554,· 8月6日,56,13,01:29
816,22.3万,· 9月3日,2.6万,3.4万,00:09
817,719,· 1天前,471,66,09:56:38
818,1881,· 8月1日,2774,854,03:40
819,8629,· 21小时前,120,21,00:05
820,16.7万,· 9月2日,1.1万,9755,10:00
821,169,· 2天前,21,分享,02:43
822,2.1万,· 9月14日,3249,2219,23:21
823,5.0万,· 1天前,1.2万,792,11:39
824,2.8万,· 1周前,1.8万,342,09:57:55
825,1.8万,· 8月17日,5742,4789,01:29
826,8441,· 1天前,5839,3353,05:06
827,52.6万,· 8月6日,29.4万,30.5万,04:38
828,37.0万,· 8月15日,5.9万,6.0万,17:14
829,3309,· 6天前,178,194,00:08
830,1247,· 4天前,878,83,08:42:32
831,1054,· 9月13日,35,33,00:05
832,12.5万,· 1周前,2.8万,2.6万,00:06
833,23.0万,· 7月14日,2.4万,5.7万,00:17
834,538,· 4小时前,37,3,24:34
835,64.9万,· 8月27日,4.2万,7.6万,00:07
836,761,· 9月16日,196,25,10:10
837,9914,· 6天前,6675,151,00:00
838,4.2万,· 1天前,9296,754,08:03
839,270.9万,· 9月6日,13.1万,48.4万,00:39
840,1.0万,· 7月12日,4158,1493,27:18
841,31.4万,· 9月7日,2.1万,15.5万,00:06
842,3.0万,· 9月10日,331,768,00:07
843,1.6万,· 1天前,3932,698,06:21
844,181,· 1天前,84,23,00:19
845,42.7万,· 9月11日,2.7万,19.4万,00:08
846,2817,· 9月13日,2390,72,09:57:40
847,197.7万,· 9月7日,11.0万,15.8万,00:53
848,4.8万,· 8月28日,8382,3855,15:00
849,19.4万,· 4天前,2.1万,9.7万,00:07
850,2.7万,· 9月14日,9649,2258,06:14
851,4,· 2天前,1,分享,00:30
852,3614,· 3天前,2291,37,59:23
853,7.8万,· 1天前,4547,9224,00:24
854,88.1万,· 9月2日,3.3万,2.8万,05:09
855,263.1万,· 7月17日,52.6万,52.0万,02:42
856,53.3万,· 8月24日,10.0万,3.5万,46:35
857,2.4万,· 9月8日,1987,761,00:05
858,307,· 1天前,53,13,27:41
859,11.0万,· 14小时前,3110,6982,02:28
860,3.0万,· 5天前,2.5万,6885,44:32
861,28.3万,· 2天前,2.0万,1.5万,00:15
862,2998,· 9月12日,1753,120,09:55:00
863,16.6万,· 9月16日,5832,3.1万,00:07
864,5713,· 9月15日,3850,673,18:24
865,1.8万,· 9月16日,884,1460,00:05
866,2.0万,· 9月13日,8422,1616,33:34
867,16.2万,· 4天前,6352,1.5万,00:08
868,9068,· 9月10日,5627,541,09:08:05
869,133.6万,· 9月15日,6.5万,6.1万,03:09
870,1283,· 2天前,251,236,00:05
871,5.5万,· 3天前,1758,3821,00:06
872,588,· 4天前,124,10,00:07
873,564,· 1周前,58,31,01:00
874,45.8万,· 4天前,3.7万,4.6万,00:18
875,3.8万,· 19小时前,856,854,00:08
876,6.8万,· 8月21日,1.7万,718,04:18
877,1.6万,· 9月13日,1.0万,1328,07:08:32
878,1.5万,· 9月2日,1.7万,3295,00:12
879,29.3万,· 5天前,3.3万,2.9万,00:08
880,2906,· 7月31日,2414,345,06:31
881,5810,· 17小时前,616,50,00:07
882,2.3万,· 9月8日,1153,924,00:05
883,8182,· 2天前,4167,82,11:48:43
884,5.2万,· 9月1日,3.7万,1.8万,03:57
885,423,· 23小时前,30,4,02:37
886,4.4万,· 5天前,2161,1.6万,00:20
887,2182,· 8月20日,939,124,45:08
888,1.7万,· 9月7日,1929,399,21:06
889,2.1万,· 5天前,2762,1502,03:15
890,2703,· 9月16日,1862,159,10:00:00
891,21.3万,· 3天前,8294,5457,04:56
892,2341,· 7月24日,3484,470,58:40
893,2529,· 9月11日,2129,1025,04:01
894,2.1万,· 19小时前,782,303,12:38
895,1.1万,· 9月15日,921,1148,02:47
896,1.8万,· 8月16日,1.5万,1149,22:56:26
897,6001,· 9月2日,3158,4478,00:07
898,14.8万,· 9月3日,3910,5198,08:54
899,3.9万,· 4天前,3041,4441,00:12
900,2.8万,· 22小时前,4029,1401,00:09
901,20.2万,· 7月5日,3.1万,7.4万,19:43
902,36.5万,· 1天前,3.8万,803,00:05
903,10.1万,· 4天前,7058,3.1万,00:09
904,14.1万,· 1天前,5.9万,1.5万,03:34:35
905,9635,· 6天前,1.7万,6324,03:30
906,8.8万,· 7月16日,2.3万,6354,13:10
907,165.5万,· 8月2日,23.9万,80.1万,04:38
908,54.4万,· 9月13日,30.1万,7.1万,15:43
909,13,· 2天前,3,6,01:46
910,7.5万,· 9月11日,6246,7745,25:24
911,11.0万,· 7月21日,1.2万,1.6万,03:55
912,8125,· 9月16日,6980,1640,39:44
913,5213,· 8月14日,197,6,02:57
914,15.1万,· 7月26日,1.2万,9551,11:50
915,2125,· 9月3日,2622,1991,04:05
916,8926,· 8月11日,3813,663,59:44
917,790,· 9月2日,143,280,03:32
918,3.5万,· 5天前,7947,1282,05:52
919,258.1万,· 7月12日,20.7万,102.5万,02:39
920,17.7万,· 8月5日,9.8万,13.3万,07:20:28
921,4.8万,· 6天前,2.5万,1.2万,00:12
922,50.2万,· 7月13日,24.7万,14.5万,30:32
923,1645.8万,· 9月3日,79.4万,139.9万,00:21
924,17.6万,· 9月13日,6024,2.8万,00:08
925,1336,· 3天前,586,63,24:28
926,7.9万,· 8月30日,3802,7.2万,00:07
927,1.0万,· 9月12日,7853,577,09:15:25
928,7.4万,· 9月2日,3.9万,1.8万,00:40
929,13.1万,· 9月11日,2.2万,7861,18:07
930,184.4万,· 9月6日,13.3万,37.8万,00:13
931,7.6万,· 2天前,5061,6957,04:01
932,3.2万,· 1周前,2.2万,1013,10:35
933,5.5万,· 9月11日,2737,5003,00:17
934,22.4万,· 8月29日,8.2万,29.0万,00:32
935,5.8万,· 9月1日,5729,3378,16:09
936,34.5万,· 9月9日,7.1万,3.2万,03:47
937,3.2万,· 9月13日,1.3万,1226,23:22
938,26.2万,· 8月26日,4.5万,4608,00:12
939,1468,· 1天前,829,72,08:44:53
940,46.5万,· 9月11日,2.7万,2.7万,00:05
941,1680,· 8月29日,749,37,36:21
942,8817,· 8月27日,3792,197,00:14
943,8.6万,· 18小时前,3175,1.6万,05:27
944,918,· 7月12日,190,565,00:06
945,4420,· 9月12日,6142,1353,13:35
946,1.4万,· 9月16日,1212,350,00:10
947,2.1万,· 9月7日,1.4万,2276,02:59:31
948,25.7万,· 8月31日,3.4万,1.9万,01:42
949,2600,· 8月23日,820,61,23:15
950,9.5万,· 8月21日,4.6万,1.9万,02:53
951,1.8万,· 9月12日,3824,1573,57:19
952,25.7万,· 9月10日,3.7万,12.1万,00:07
953,127,· 1周前,73,13,35:08
954,504,· 1周前,34,9,00:17
955,7524,· 7月17日,3922,2939,07:31
956,1.6万,· 6天前,7259,3629,00:28
957,2583,· 8月29日,1232,216,17:22
958,392,· 6月27日,126,105,01:27
959,9.8万,· 8月16日,9689,1.5万,19:25
960,3420,· 3天前,246,505,00:05
961,1.9万,· 8月28日,2552,213,00:05
962,2.4万,· 9月17日,570,4342,00:11
963,20.2万,· 9月16日,2.1万,9.9万,17:39
964,1413,· 9月5日,1154,385,00:05
965,2174,· 7月2日,1913,370,16:10
966,28.5万,· 8月28日,4.7万,8.9万,04:10
967,27.1万,· 9月2日,4.9万,6.2万,03:20
968,1.1万,· 8月21日,7722,339,07:46:54
969,6.2万,· 8月10日,1.1万,2.4万,00:08
970,8176,· 9月5日,1232,1366,00:16
971,2333,· 8月21日,1439,346,24:24
972,30.8万,· 8月20日,2.6万,4.1万,04:18
973,6.5万,· 9月17日,1.1万,9928,00:17
974,5398,· 9月14日,3460,836,08:54:55
975,52.1万,· 7月4日,2.5万,2.5万,04:19
976,9.3万,· 2天前,1.4万,9076,24:00
977,344,· 6天前,107,5,29:27
978,4894,· 9月7日,311,131,00:06
979,7175,· 7月7日,3888,172,29:24
980,5769,· 5天前,853,372,00:10
981,2.3万,· 15小时前,6611,1.0万,19:34
982,5090,· 8月30日,368,5060,00:06
983,6.3万,· 1天前,4738,1.5万,12:36
984,8035,· 9月5日,1278,804,00:16
985,20.0万,· 6月29日,2.0万,3.4万,04:23
986,1661,· 1周前,227,66,14:09
987,3.4万,· 6天前,6931,4621,00:06
988,7667,· 18小时前,531,706,02:47
989,8.9万,· 9月4日,6353,1.2万,00:50
990,2726,· 7月23日,1341,167,09:46:44
991,37.2万,· 16小时前,9307,9.7万,04:17
992,9380,· 8月23日,6453,1503,21:33
993,44.0万,· 9月7日,13.1万,1.7万,02:26
994,3.6万,· 8月31日,4170,8162,14:37
995,5.0万,· 5天前,1.6万,6764,04:42
996,7,· 9月11日,收藏,分享,01:20
997,18.9万,· 9月6日,6.6万,1.1万,49:38
998,2621,· 9月17日,958,891,00:05
999,2.9万,· 9月3日,2186,635,00:05
1000,1.0万,· 8月18日,9540,262,09:53:11
